Workbook

Sheet TỔNG KLH + TN
A1: https://docs.google.com/spreadsheets/d/1i-eBGlD9GCKjjW_oVzhKXTG7rkg5adA55PmkVD7FH2A/edit?usp=sharing
A2: =IFERROR(__xludf.DUMMYFUNCTION("IMPORTRANGE(A1,""TỔNG!A1:L"")"),"mã mmtb") -> mã mmtb | B2: =IFERROR(__xludf.DUMMYFUNCTION("""COMPUTED_VALUE"""),"tên mmtb") -> tên mmtb | C2: =IFERROR(__xludf.DUMMYFUNCTION("""COMPUTED_VALUE"""),"đvsd") -> đvsd | D2: =IFERROR(__xludf.DUMMYFUNCTION("""COMPUTED_VALUE"""),"NHÃN HIỆU") -> NHÃN HIỆU | E2: =IFERROR(__xludf.DUMMYFUNCTION("""COMPUTED_VALUE"""),"XUẤT XỨ") -> XUẤT XỨ | F2: =IFERROR(__xludf.DUMMYFUNCTION("""COMPUTED_VALUE"""),"NĂM SX") -> NĂM SX | G2: =IFERROR(__xludf.DUMMYFUNCTION("""COMPUTED_VALUE"""),"MODEL") -> MODEL | H2: =IFERROR(__xludf.DUMMYFUNCTION("""COMPUTED_VALUE"""),"CÔNG SUẤT") -> CÔNG SUẤT | I2: =IFERROR(__xludf.DUMMYFUNCTION("""COMPUTED_VALUE"""),"Số khung") -> Số khung | J2: =IFERROR(__xludf.DUMMYFUNCTION("""COMPUTED_VALUE"""),"Số máy") -> Số máy | K2: =IFERROR(__xludf.DUMMYFUNCTION("""COMPUTED_VALUE"""),"Định mức nhiên liệu (l/h) hoặc (l/km)") -> Định mức nhiên liệu (l/h) hoặc (l/km) | L2: =IFERROR(__xludf.DUMMYFUNCTION("""COMPUTED_VALUE"""),"Tình trạng hợp đồng") -> Tình trạng hợp đồng
A3: =IFERROR(__xludf.DUMMYFUNCTION("""COMPUTED_VALUE"""),1) -> 1 | B3: =IFERROR(__xludf.DUMMYFUNCTION("""COMPUTED_VALUE"""),2) -> 2 | C3: =IFERROR(__xludf.DUMMYFUNCTION("""COMPUTED_VALUE"""),3) -> 3 | D3: =IFERROR(__xludf.DUMMYFUNCTION("""COMPUTED_VALUE"""),4) -> 4 | E3: =IFERROR(__xludf.DUMMYFUNCTION("""COMPUTED_VALUE"""),5) -> 5 | F3: =IFERROR(__xludf.DUMMYFUNCTION("""COMPUTED_VALUE"""),6) -> 6 | G3: =IFERROR(__xludf.DUMMYFUNCTION("""COMPUTED_VALUE"""),7) -> 7 | H3: =IFERROR(__xludf.DUMMYFUNCTION("""COMPUTED_VALUE"""),8) -> 8 | I3: =IFERROR(__xludf.DUMMYFUNCTION("""COMPUTED_VALUE"""),9) -> 9 | J3: =IFERROR(__xludf.DUMMYFUNCTION("""COMPUTED_VALUE"""),10) -> 10 | K3: =IFERROR(__xludf.DUMMYFUNCTION("""COMPUTED_VALUE"""),11) -> 11 | L3: =IFERROR(__xludf.DUMMYFUNCTION("""COMPUTED_VALUE"""),12) -> 12
A4: =IFERROR(__xludf.DUMMYFUNCTION("""COMPUTED_VALUE"""),"CHT-MĐA-001") -> CHT-MĐA-001 | B4: =IFERROR(__xludf.DUMMYFUNCTION("""COMPUTED_VALUE"""),"Máy đào KOBELCO bánh xích gàu 1.2m3") -> Máy đào KOBELCO bánh xích gàu 1.2m3 | C4: =IFERROR(__xludf.DUMMYFUNCTION("""COMPUTED_VALUE"""),"CGTC DP") -> CGTC DP | D4: =IFERROR(__xludf.DUMMYFUNCTION("""COMPUTED_VALUE"""),"KOBELCO") -> KOBELCO | E4: =IFERROR(__xludf.DUMMYFUNCTION("""COMPUTED_VALUE"""),"NHẬT BẢN") -> NHẬT BẢN | F4: =IFERROR(__xludf.DUMMYFUNCTION("""COMPUTED_VALUE"""),2019) -> 2019 | G4: =IFERROR(__xludf.DUMMYFUNCTION("""COMPUTED_VALUE"""),"SK200-08") -> SK200-08 | H4: =IFERROR(__xludf.DUMMYFUNCTION("""COMPUTED_VALUE"""),"170HP") -> 170HP | I4: =IFERROR(__xludf.DUMMYFUNCTION("""COMPUTED_VALUE"""),"LQ16-10073 ") -> LQ16-10073 | J4: =IFERROR(__xludf.DUMMYFUNCTION("""COMPUTED_VALUE"""),"R0033333") -> R0033333 | K4: =IFERROR(__xludf.DUMMYFUNCTION("""COMPUTED_VALUE"""),17) -> 17 | L4: =IFERROR(__xludf.DUMMYFUNCTION("""COMPUTED_VALUE"""),"KLH") -> KLH
A5: =IFERROR(__xludf.DUMMYFUNCTION("""COMPUTED_VALUE"""),"CHT-MĐA-002") -> CHT-MĐA-002 | B5: =IFERROR(__xludf.DUMMYFUNCTION("""COMPUTED_VALUE"""),"Máy đào SH210 bánh xích gàu 0.9m3") -> Máy đào SH210 bánh xích gàu 0.9m3 | C5: =IFERROR(__xludf.DUMMYFUNCTION("""COMPUTED_VALUE"""),"CGTC DP") -> CGTC DP | D5: =IFERROR(__xludf.DUMMYFUNCTION("""COMPUTED_VALUE"""),"SUMITOMO") -> SUMITOMO | E5: =IFERROR(__xludf.DUMMYFUNCTION("""COMPUTED_VALUE"""),"NHẬT BẢN") -> NHẬT BẢN | F5: =IFERROR(__xludf.DUMMYFUNCTION("""COMPUTED_VALUE"""),1993) -> 1993 | G5: =IFERROR(__xludf.DUMMYFUNCTION("""COMPUTED_VALUE"""),"SH210") -> SH210 | H5: =IFERROR(__xludf.DUMMYFUNCTION("""COMPUTED_VALUE"""),"156HP") -> 156HP | I5: =IFERROR(__xludf.DUMMYFUNCTION("""COMPUTED_VALUE"""),"STN210T6P00BH2390") -> STN210T6P00BH2390 | J5: =IFERROR(__xludf.DUMMYFUNCTION("""COMPUTED_VALUE"""),"CCN") -> CCN | K5: =IFERROR(__xludf.DUMMYFUNCTION("""COMPUTED_VALUE"""),13) -> 13 | L5: =IFERROR(__xludf.DUMMYFUNCTION("""COMPUTED_VALUE"""),"KLH") -> KLH
A6: =IFERROR(__xludf.DUMMYFUNCTION("""COMPUTED_VALUE"""),"CHT-MĐA-003") -> CHT-MĐA-003 | B6: =IFERROR(__xludf.DUMMYFUNCTION("""COMPUTED_VALUE"""),"Máy đào DX140W bánh lốp gàu 0.7m3") -> Máy đào DX140W bánh lốp gàu 0.7m3 | C6: =IFERROR(__xludf.DUMMYFUNCTION("""COMPUTED_VALUE"""),"CGTC DP") -> CGTC DP | D6: =IFERROR(__xludf.DUMMYFUNCTION("""COMPUTED_VALUE"""),"DOOSAN") -> DOOSAN | E6: =IFERROR(__xludf.DUMMYFUNCTION("""COMPUTED_VALUE"""),"HÀN QUỐC") -> HÀN QUỐC | F6: =IFERROR(__xludf.DUMMYFUNCTION("""COMPUTED_VALUE"""),2019) -> 2019 | G6: =IFERROR(__xludf.DUMMYFUNCTION("""COMPUTED_VALUE"""),"DX140W") -> DX140W | H6: =IFERROR(__xludf.DUMMYFUNCTION("""COMPUTED_VALUE"""),"133HP") -> 133HP | I6: =IFERROR(__xludf.DUMMYFUNCTION("""COMPUTED_VALUE"""),"DHKCEWAAVK5008713") -> DHKCEWAAVK5008713 | J6: =IFERROR(__xludf.DUMMYFUNCTION("""COMPUTED_VALUE"""),"CCN") -> CCN | K6: =IFERROR(__xludf.DUMMYFUNCTION("""COMPUTED_VALUE"""),10) -> 10 | L6: =IFERROR(__xludf.DUMMYFUNCTION("""COMPUTED_VALUE"""),"KLH") -> KLH
A7: =IFERROR(__xludf.DUMMYFUNCTION("""COMPUTED_VALUE"""),"CHT-MĐA-004") -> CHT-MĐA-004 | B7: =IFERROR(__xludf.DUMMYFUNCTION("""COMPUTED_VALUE"""),"Máy đào DX140W bánh lốp gàu 0.7m3") -> Máy đào DX140W bánh lốp gàu 0.7m3 | C7: =IFERROR(__xludf.DUMMYFUNCTION("""COMPUTED_VALUE"""),"CGTC DP") -> CGTC DP | D7: =IFERROR(__xludf.DUMMYFUNCTION("""COMPUTED_VALUE"""),"DOOSAN") -> DOOSAN | E7: =IFERROR(__xludf.DUMMYFUNCTION("""COMPUTED_VALUE"""),"HÀN QUỐC") -> HÀN QUỐC | F7: =IFERROR(__xludf.DUMMYFUNCTION("""COMPUTED_VALUE"""),2018) -> 2018 | G7: =IFERROR(__xludf.DUMMYFUNCTION("""COMPUTED_VALUE"""),"DX140W") -> DX140W | H7: =IFERROR(__xludf.DUMMYFUNCTION("""COMPUTED_VALUE"""),"133HP") -> 133HP | I7: =IFERROR(__xludf.DUMMYFUNCTION("""COMPUTED_VALUE"""),"DHKCEWAAEK5008652") -> DHKCEWAAEK5008652 | J7: =IFERROR(__xludf.DUMMYFUNCTION("""COMPUTED_VALUE"""),"CCN") -> CCN | K7: =IFERROR(__xludf.DUMMYFUNCTION("""COMPUTED_VALUE"""),10) -> 10 | L7: =IFERROR(__xludf.DUMMYFUNCTION("""COMPUTED_VALUE"""),"KLH") -> KLH
A8: =IFERROR(__xludf.DUMMYFUNCTION("""COMPUTED_VALUE"""),"CHT-MĐA-044") -> CHT-MĐA-044 | B8: =IFERROR(__xludf.DUMMYFUNCTION("""COMPUTED_VALUE"""),"Máy đào SH210 bánh xích gàu 0.9m3") -> Máy đào SH210 bánh xích gàu 0.9m3 | C8: =IFERROR(__xludf.DUMMYFUNCTION("""COMPUTED_VALUE"""),"CGTC DP") -> CGTC DP | D8: =IFERROR(__xludf.DUMMYFUNCTION("""COMPUTED_VALUE"""),"SUMITOMO") -> SUMITOMO | E8: =IFERROR(__xludf.DUMMYFUNCTION("""COMPUTED_VALUE"""),"NHẬT BẢN") -> NHẬT BẢN | F8: =IFERROR(__xludf.DUMMYFUNCTION("""COMPUTED_VALUE"""),2020) -> 2020 | G8: =IFERROR(__xludf.DUMMYFUNCTION("""COMPUTED_VALUE"""),"SH210-6") -> SH210-6 | H8: =IFERROR(__xludf.DUMMYFUNCTION("""COMPUTED_VALUE"""),"160HP") -> 160HP | I8: =IFERROR(__xludf.DUMMYFUNCTION("""COMPUTED_VALUE"""),"STN210T6P00BH2695") -> STN210T6P00BH2695 | J8: =IFERROR(__xludf.DUMMYFUNCTION("""COMPUTED_VALUE"""),"801502") -> 801502 | K8: =IFERROR(__xludf.DUMMYFUNCTION("""COMPUTED_VALUE"""),13) -> 13 | L8: =IFERROR(__xludf.DUMMYFUNCTION("""COMPUTED_VALUE"""),"KLH") -> KLH
A9: =IFERROR(__xludf.DUMMYFUNCTION("""COMPUTED_VALUE"""),"CHT-MĐA-045") -> CHT-MĐA-045 | B9: =IFERROR(__xludf.DUMMYFUNCTION("""COMPUTED_VALUE"""),"Máy đào SH130 bánh xích gàu 0.5m3") -> Máy đào SH130 bánh xích gàu 0.5m3 | C9: =IFERROR(__xludf.DUMMYFUNCTION("""COMPUTED_VALUE"""),"CGTC DP") -> CGTC DP | D9: =IFERROR(__xludf.DUMMYFUNCTION("""COMPUTED_VALUE"""),"SUMITOMO") -> SUMITOMO | E9: =IFERROR(__xludf.DUMMYFUNCTION("""COMPUTED_VALUE"""),"NHẬT BẢN") -> NHẬT BẢN | F9: =IFERROR(__xludf.DUMMYFUNCTION("""COMPUTED_VALUE"""),2021) -> 2021 | G9: =IFERROR(__xludf.DUMMYFUNCTION("""COMPUTED_VALUE"""),"SH130-6") -> SH130-6 | H9: =IFERROR(__xludf.DUMMYFUNCTION("""COMPUTED_VALUE"""),"96HP") -> 96HP | I9: =IFERROR(__xludf.DUMMYFUNCTION("""COMPUTED_VALUE"""),"STN130T6A00BH1835") -> STN130T6A00BH1835 | J9: =IFERROR(__xludf.DUMMYFUNCTION("""COMPUTED_VALUE"""),"6041164JJ1") -> 6041164JJ1 | K9: =IFERROR(__xludf.DUMMYFUNCTION("""COMPUTED_VALUE"""),12) -> 12 | L9: =IFERROR(__xludf.DUMMYFUNCTION("""COMPUTED_VALUE"""),"KLH") -> KLH
A10: =IFERROR(__xludf.DUMMYFUNCTION("""COMPUTED_VALUE"""),"CHT-MUI-001") -> CHT-MUI-001 | B10: =IFERROR(__xludf.DUMMYFUNCTION("""COMPUTED_VALUE"""),"Máy ủi KOMATSU D31PX") -> Máy ủi KOMATSU D31PX | C10: =IFERROR(__xludf.DUMMYFUNCTION("""COMPUTED_VALUE"""),"CGTC DP") -> CGTC DP | D10: =IFERROR(__xludf.DUMMYFUNCTION("""COMPUTED_VALUE"""),"KOMATSU") -> KOMATSU | E10: =IFERROR(__xludf.DUMMYFUNCTION("""COMPUTED_VALUE"""),"NHẬT BẢN") -> NHẬT BẢN | F10: =IFERROR(__xludf.DUMMYFUNCTION("""COMPUTED_VALUE"""),1997) -> 1997 | G10: =IFERROR(__xludf.DUMMYFUNCTION("""COMPUTED_VALUE"""),"D31PX") -> D31PX | H10: =IFERROR(__xludf.DUMMYFUNCTION("""COMPUTED_VALUE"""),"80HP") -> 80HP | I10: =IFERROR(__xludf.DUMMYFUNCTION("""COMPUTED_VALUE"""),"KMT0D007V0151352") -> KMT0D007V0151352 | J10: =IFERROR(__xludf.DUMMYFUNCTION("""COMPUTED_VALUE"""),"CCN") -> CCN | K10: =IFERROR(__xludf.DUMMYFUNCTION("""COMPUTED_VALUE"""),8) -> 8 | L10: =IFERROR(__xludf.DUMMYFUNCTION("""COMPUTED_VALUE"""),"KLH") -> KLH
A11: =IFERROR(__xludf.DUMMYFUNCTION("""COMPUTED_VALUE"""),"CHT-MUI-002") -> CHT-MUI-002 | B11: =IFERROR(__xludf.DUMMYFUNCTION("""COMPUTED_VALUE"""),"Máy ủi KOMATSU D60P-12E") -> Máy ủi KOMATSU D60P-12E | C11: =IFERROR(__xludf.DUMMYFUNCTION("""COMPUTED_VALUE"""),"CGTC DP") -> CGTC DP | D11: =IFERROR(__xludf.DUMMYFUNCTION("""COMPUTED_VALUE"""),"KOMATSU") -> KOMATSU | E11: =IFERROR(__xludf.DUMMYFUNCTION("""COMPUTED_VALUE"""),"NHẬT BẢN") -> NHẬT BẢN | F11: =IFERROR(__xludf.DUMMYFUNCTION("""COMPUTED_VALUE"""),2002) -> 2002 | G11: =IFERROR(__xludf.DUMMYFUNCTION("""COMPUTED_VALUE"""),"D60P-12E") -> D60P-12E | H11: =IFERROR(__xludf.DUMMYFUNCTION("""COMPUTED_VALUE"""),"190HP") -> 190HP | I11: =IFERROR(__xludf.DUMMYFUNCTION("""COMPUTED_VALUE"""),"D60P1260763") -> D60P1260763 | J11: =IFERROR(__xludf.DUMMYFUNCTION("""COMPUTED_VALUE"""),"CCN") -> CCN | K11: =IFERROR(__xludf.DUMMYFUNCTION("""COMPUTED_VALUE"""),14) -> 14 | L11: =IFERROR(__xludf.DUMMYFUNCTION("""COMPUTED_VALUE"""),"KLH") -> KLH
A12: =IFERROR(__xludf.DUMMYFUNCTION("""COMPUTED_VALUE"""),"CHT-MUI-010") -> CHT-MUI-010 | B12: =IFERROR(__xludf.DUMMYFUNCTION("""COMPUTED_VALUE"""),"Máy ủi KOMATSU D65P-12") -> Máy ủi KOMATSU D65P-12 | C12: =IFERROR(__xludf.DUMMYFUNCTION("""COMPUTED_VALUE"""),"CGTC DP") -> CGTC DP | D12: =IFERROR(__xludf.DUMMYFUNCTION("""COMPUTED_VALUE"""),"KOMATSU") -> KOMATSU | E12: =IFERROR(__xludf.DUMMYFUNCTION("""COMPUTED_VALUE"""),"NHẬT BẢN") -> NHẬT BẢN | F12: =IFERROR(__xludf.DUMMYFUNCTION("""COMPUTED_VALUE"""),1992) -> 1992 | G12: =IFERROR(__xludf.DUMMYFUNCTION("""COMPUTED_VALUE"""),"D65P-12") -> D65P-12 | H12: =IFERROR(__xludf.DUMMYFUNCTION("""COMPUTED_VALUE"""),"190HP") -> 190HP | I12: =IFERROR(__xludf.DUMMYFUNCTION("""COMPUTED_VALUE"""),"D65P1260304") -> D65P1260304 | J12: =IFERROR(__xludf.DUMMYFUNCTION("""COMPUTED_VALUE"""),"6D12554976") -> 6D12554976 | K12: =IFERROR(__xludf.DUMMYFUNCTION("""COMPUTED_VALUE"""),14) -> 14 | L12: =IFERROR(__xludf.DUMMYFUNCTION("""COMPUTED_VALUE"""),"KLH") -> KLH
A13: =IFERROR(__xludf.DUMMYFUNCTION("""COMPUTED_VALUE"""),"CHT-MUI-013") -> CHT-MUI-013 | B13: =IFERROR(__xludf.DUMMYFUNCTION("""COMPUTED_VALUE"""),"Máy ủi KOMATSU D60P-12E") -> Máy ủi KOMATSU D60P-12E | C13: =IFERROR(__xludf.DUMMYFUNCTION("""COMPUTED_VALUE"""),"CGTC DP") -> CGTC DP | D13: =IFERROR(__xludf.DUMMYFUNCTION("""COMPUTED_VALUE"""),"KOMATSU") -> KOMATSU | E13: =IFERROR(__xludf.DUMMYFUNCTION("""COMPUTED_VALUE"""),"NHẬT BẢN") -> NHẬT BẢN | F13: =IFERROR(__xludf.DUMMYFUNCTION("""COMPUTED_VALUE"""),1994) -> 1994 | G13: =IFERROR(__xludf.DUMMYFUNCTION("""COMPUTED_VALUE"""),"D60P-12E") -> D60P-12E | H13: =IFERROR(__xludf.DUMMYFUNCTION("""COMPUTED_VALUE"""),"190HP") -> 190HP | I13: =IFERROR(__xludf.DUMMYFUNCTION("""COMPUTED_VALUE"""),"D60P1260928") -> D60P1260928 | J13: =IFERROR(__xludf.DUMMYFUNCTION("""COMPUTED_VALUE"""),"6D12562174") -> 6D12562174 | K13: =IFERROR(__xludf.DUMMYFUNCTION("""COMPUTED_VALUE"""),14) -> 14 | L13: =IFERROR(__xludf.DUMMYFUNCTION("""COMPUTED_VALUE"""),"KLH") -> KLH
A14: =IFERROR(__xludf.DUMMYFUNCTION("""COMPUTED_VALUE"""),"CHT-XTA-014") -> CHT-XTA-014 | B14: =IFERROR(__xludf.DUMMYFUNCTION("""COMPUTED_VALUE"""),"Xe ben AUMAN GTL D300 E4") -> Xe ben AUMAN GTL D300 E4 | C14: =IFERROR(__xludf.DUMMYFUNCTION("""COMPUTED_VALUE"""),"CGTC DP") -> CGTC DP | D14: =IFERROR(__xludf.DUMMYFUNCTION("""COMPUTED_VALUE"""),"THACO AUMAN") -> THACO AUMAN | E14: =IFERROR(__xludf.DUMMYFUNCTION("""COMPUTED_VALUE"""),"VIỆT NAM") -> VIỆT NAM | F14: =IFERROR(__xludf.DUMMYFUNCTION("""COMPUTED_VALUE"""),2018) -> 2018 | G14: =IFERROR(__xludf.DUMMYFUNCTION("""COMPUTED_VALUE"""),"GTL D300E4") -> GTL D300E4 | H14: =IFERROR(__xludf.DUMMYFUNCTION("""COMPUTED_VALUE"""),"375HP") -> 375HP | I14: =IFERROR(__xludf.DUMMYFUNCTION("""COMPUTED_VALUE"""),"RNHD30FWAJC078089") -> RNHD30FWAJC078089 | J14: =IFERROR(__xludf.DUMMYFUNCTION("""COMPUTED_VALUE"""),"CCN") -> CCN | K14: =IFERROR(__xludf.DUMMYFUNCTION("""COMPUTED_VALUE"""),1.41) -> 1.41 | L14: =IFERROR(__xludf.DUMMYFUNCTION("""COMPUTED_VALUE"""),"KLH") -> KLH
A15: =IFERROR(__xludf.DUMMYFUNCTION("""COMPUTED_VALUE"""),"CHT-XTA-024") -> CHT-XTA-024 | B15: =IFERROR(__xludf.DUMMYFUNCTION("""COMPUTED_VALUE"""),"Xe ben HOWO TXD600") -> Xe ben HOWO TXD600 | C15: =IFERROR(__xludf.DUMMYFUNCTION("""COMPUTED_VALUE"""),"CGTC DP") -> CGTC DP | D15: =IFERROR(__xludf.DUMMYFUNCTION("""COMPUTED_VALUE"""),"HOWO") -> HOWO | E15: =IFERROR(__xludf.DUMMYFUNCTION("""COMPUTED_VALUE"""),"VIỆT NAM") -> VIỆT NAM | F15: =IFERROR(__xludf.DUMMYFUNCTION("""COMPUTED_VALUE"""),2022) -> 2022 | G15: =IFERROR(__xludf.DUMMYFUNCTION("""COMPUTED_VALUE"""),"HOWO TX D600") -> HOWO TX D600 | H15: =IFERROR(__xludf.DUMMYFUNCTION("""COMPUTED_VALUE"""),"380HP") -> 380HP | I15: =IFERROR(__xludf.DUMMYFUNCTION("""COMPUTED_VALUE"""),"RNHD24CWANT057806") -> RNHD24CWANT057806 | J15: =IFERROR(__xludf.DUMMYFUNCTION("""COMPUTED_VALUE"""),"1622B008395") -> 1622B008395 | K15: =IFERROR(__xludf.DUMMYFUNCTION("""COMPUTED_VALUE"""),1.34) -> 1.34 | L15: =IFERROR(__xludf.DUMMYFUNCTION("""COMPUTED_VALUE"""),"KLH") -> KLH
A16: =IFERROR(__xludf.DUMMYFUNCTION("""COMPUTED_VALUE"""),"CHT-XTA-025") -> CHT-XTA-025 | B16: =IFERROR(__xludf.DUMMYFUNCTION("""COMPUTED_VALUE"""),"Xe ben HOWO TXD600") -> Xe ben HOWO TXD600 | C16: =IFERROR(__xludf.DUMMYFUNCTION("""COMPUTED_VALUE"""),"CGTC DP") -> CGTC DP | D16: =IFERROR(__xludf.DUMMYFUNCTION("""COMPUTED_VALUE"""),"HOWO") -> HOWO | E16: =IFERROR(__xludf.DUMMYFUNCTION("""COMPUTED_VALUE"""),"VIỆT NAM") -> VIỆT NAM | F16: =IFERROR(__xludf.DUMMYFUNCTION("""COMPUTED_VALUE"""),2022) -> 2022 | G16: =IFERROR(__xludf.DUMMYFUNCTION("""COMPUTED_VALUE"""),"HOWO TX D600") -> HOWO TX D600 | H16: =IFERROR(__xludf.DUMMYFUNCTION("""COMPUTED_VALUE"""),"380HP") -> 380HP | I16: =IFERROR(__xludf.DUMMYFUNCTION("""COMPUTED_VALUE"""),"RNHD24CWANT057808") -> RNHD24CWANT057808 | J16: =IFERROR(__xludf.DUMMYFUNCTION("""COMPUTED_VALUE"""),"1622B008391") -> 1622B008391 | K16: =IFERROR(__xludf.DUMMYFUNCTION("""COMPUTED_VALUE"""),1.34) -> 1.34 | L16: =IFERROR(__xludf.DUMMYFUNCTION("""COMPUTED_VALUE"""),"KLH") -> KLH
A17: =IFERROR(__xludf.DUMMYFUNCTION("""COMPUTED_VALUE"""),"CHT-XTA-026") -> CHT-XTA-026 | B17: =IFERROR(__xludf.DUMMYFUNCTION("""COMPUTED_VALUE"""),"Xe ben HOWO TXD600") -> Xe ben HOWO TXD600 | C17: =IFERROR(__xludf.DUMMYFUNCTION("""COMPUTED_VALUE"""),"CGTC DP") -> CGTC DP | D17: =IFERROR(__xludf.DUMMYFUNCTION("""COMPUTED_VALUE"""),"HOWO") -> HOWO | E17: =IFERROR(__xludf.DUMMYFUNCTION("""COMPUTED_VALUE"""),"VIỆT NAM") -> VIỆT NAM | F17: =IFERROR(__xludf.DUMMYFUNCTION("""COMPUTED_VALUE"""),2022) -> 2022 | G17: =IFERROR(__xludf.DUMMYFUNCTION("""COMPUTED_VALUE"""),"HOWO TX D600") -> HOWO TX D600 | H17: =IFERROR(__xludf.DUMMYFUNCTION("""COMPUTED_VALUE"""),"380HP") -> 380HP | I17: =IFERROR(__xludf.DUMMYFUNCTION("""COMPUTED_VALUE"""),"RNHD24CWANT057810") -> RNHD24CWANT057810 | J17: =IFERROR(__xludf.DUMMYFUNCTION("""COMPUTED_VALUE"""),"1622B008389") -> 1622B008389 | K17: =IFERROR(__xludf.DUMMYFUNCTION("""COMPUTED_VALUE"""),0.9) -> 0.9 | L17: =IFERROR(__xludf.DUMMYFUNCTION("""COMPUTED_VALUE"""),"KLH") -> KLH
A18: =IFERROR(__xludf.DUMMYFUNCTION("""COMPUTED_VALUE"""),"CHT-XTA-036") -> CHT-XTA-036 | B18: =IFERROR(__xludf.DUMMYFUNCTION("""COMPUTED_VALUE"""),"Xe ben HOWO TXD600") -> Xe ben HOWO TXD600 | C18: =IFERROR(__xludf.DUMMYFUNCTION("""COMPUTED_VALUE"""),"CGTC DP") -> CGTC DP | D18: =IFERROR(__xludf.DUMMYFUNCTION("""COMPUTED_VALUE"""),"HOWO") -> HOWO | E18: =IFERROR(__xludf.DUMMYFUNCTION("""COMPUTED_VALUE"""),"VIỆT NAM") -> VIỆT NAM | F18: =IFERROR(__xludf.DUMMYFUNCTION("""COMPUTED_VALUE"""),2022) -> 2022 | G18: =IFERROR(__xludf.DUMMYFUNCTION("""COMPUTED_VALUE"""),"HOWO TX D600") -> HOWO TX D600 | H18: =IFERROR(__xludf.DUMMYFUNCTION("""COMPUTED_VALUE"""),"380HP") -> 380HP | I18: =IFERROR(__xludf.DUMMYFUNCTION("""COMPUTED_VALUE"""),"RNHD24CWART000069") -> RNHD24CWART000069 | J18: =IFERROR(__xludf.DUMMYFUNCTION("""COMPUTED_VALUE"""),"1622F024360") -> 1622F024360 | K18: =IFERROR(__xludf.DUMMYFUNCTION("""COMPUTED_VALUE"""),1.34) -> 1.34 | L18: =IFERROR(__xludf.DUMMYFUNCTION("""COMPUTED_VALUE"""),"KLH") -> KLH
A19: =IFERROR(__xludf.DUMMYFUNCTION("""COMPUTED_VALUE"""),"CHT-XLU-001") -> CHT-XLU-001 | B19: =IFERROR(__xludf.DUMMYFUNCTION("""COMPUTED_VALUE"""),"Xe lu rung SV521DH 11 tấn") -> Xe lu rung SV521DH 11 tấn | C19: =IFERROR(__xludf.DUMMYFUNCTION("""COMPUTED_VALUE"""),"CGTC DP") -> CGTC DP | D19: =IFERROR(__xludf.DUMMYFUNCTION("""COMPUTED_VALUE"""),"SAKAI") -> SAKAI | E19: =IFERROR(__xludf.DUMMYFUNCTION("""COMPUTED_VALUE"""),"NHẬT BẢN") -> NHẬT BẢN | F19: =IFERROR(__xludf.DUMMYFUNCTION("""COMPUTED_VALUE"""),2006) -> 2006 | G19: =IFERROR(__xludf.DUMMYFUNCTION("""COMPUTED_VALUE"""),"SV521DH") -> SV521DH | H19: =IFERROR(__xludf.DUMMYFUNCTION("""COMPUTED_VALUE"""),"112HP") -> 112HP | I19: =IFERROR(__xludf.DUMMYFUNCTION("""COMPUTED_VALUE"""),"2SV6610202") -> 2SV6610202 | J19: =IFERROR(__xludf.DUMMYFUNCTION("""COMPUTED_VALUE"""),"CCN") -> CCN | K19: =IFERROR(__xludf.DUMMYFUNCTION("""COMPUTED_VALUE"""),7) -> 7 | L19: =IFERROR(__xludf.DUMMYFUNCTION("""COMPUTED_VALUE"""),"KLH") -> KLH
A20: =IFERROR(__xludf.DUMMYFUNCTION("""COMPUTED_VALUE"""),"CHT-XLU-002") -> CHT-XLU-002 | B20: =IFERROR(__xludf.DUMMYFUNCTION("""COMPUTED_VALUE"""),"Xe lu tĩnh R2 10 tấn") -> Xe lu tĩnh R2 10 tấn | C20: =IFERROR(__xludf.DUMMYFUNCTION("""COMPUTED_VALUE"""),"CGTC DP") -> CGTC DP | D20: =IFERROR(__xludf.DUMMYFUNCTION("""COMPUTED_VALUE"""),"SAKAI") -> SAKAI | E20: =IFERROR(__xludf.DUMMYFUNCTION("""COMPUTED_VALUE"""),"NHẬT BẢN") -> NHẬT BẢN | F20: =IFERROR(__xludf.DUMMYFUNCTION("""COMPUTED_VALUE"""),1990) -> 1990 | G20: =IFERROR(__xludf.DUMMYFUNCTION("""COMPUTED_VALUE"""),"R2S") -> R2S | H20: =IFERROR(__xludf.DUMMYFUNCTION("""COMPUTED_VALUE"""),"74HP") -> 74HP | I20: =IFERROR(__xludf.DUMMYFUNCTION("""COMPUTED_VALUE"""),"RR211446") -> RR211446 | J20: =IFERROR(__xludf.DUMMYFUNCTION("""COMPUTED_VALUE"""),"W04DA26254") -> W04DA26254 | K20: =IFERROR(__xludf.DUMMYFUNCTION("""COMPUTED_VALUE"""),4) -> 4 | L20: =IFERROR(__xludf.DUMMYFUNCTION("""COMPUTED_VALUE"""),"KLH") -> KLH
A21: =IFERROR(__xludf.DUMMYFUNCTION("""COMPUTED_VALUE"""),"CHT-XBO-005") -> CHT-XBO-005 | B21: =IFERROR(__xludf.DUMMYFUNCTION("""COMPUTED_VALUE"""),"Xe bồn AUMAN ETX D300 (tưới đường)") -> Xe bồn AUMAN ETX D300 (tưới đường) | C21: =IFERROR(__xludf.DUMMYFUNCTION("""COMPUTED_VALUE"""),"CGTC DP") -> CGTC DP | D21: =IFERROR(__xludf.DUMMYFUNCTION("""COMPUTED_VALUE"""),"AUMAN") -> AUMAN | E21: =IFERROR(__xludf.DUMMYFUNCTION("""COMPUTED_VALUE"""),"VIỆT NAM") -> VIỆT NAM | F21: =IFERROR(__xludf.DUMMYFUNCTION("""COMPUTED_VALUE"""),2022) -> 2022 | G21: =IFERROR(__xludf.DUMMYFUNCTION("""COMPUTED_VALUE""")," ETX D300") -> ETX D300 | H21: =IFERROR(__xludf.DUMMYFUNCTION("""COMPUTED_VALUE"""),"330HP") -> 330HP | I21: =IFERROR(__xludf.DUMMYFUNCTION("""COMPUTED_VALUE"""),"RNHD30FWANT067862") -> RNHD30FWANT067862 | J21: =IFERROR(__xludf.DUMMYFUNCTION("""COMPUTED_VALUE"""),"WP10336E431622D017084") -> WP10336E431622D017084 | K21: =IFERROR(__xludf.DUMMYFUNCTION("""COMPUTED_VALUE"""),0.6) -> 0.6 | L21: =IFERROR(__xludf.DUMMYFUNCTION("""COMPUTED_VALUE"""),"KLH") -> KLH
A22: =IFERROR(__xludf.DUMMYFUNCTION("""COMPUTED_VALUE"""),"CHT-BAN-003") -> CHT-BAN-003 | B22: =IFERROR(__xludf.DUMMYFUNCTION("""COMPUTED_VALUE"""),"Xe ban KOMATSU GD605A") -> Xe ban KOMATSU GD605A | C22: =IFERROR(__xludf.DUMMYFUNCTION("""COMPUTED_VALUE"""),"CGTC DP") -> CGTC DP | D22: =IFERROR(__xludf.DUMMYFUNCTION("""COMPUTED_VALUE"""),"KOMATSU") -> KOMATSU | E22: =IFERROR(__xludf.DUMMYFUNCTION("""COMPUTED_VALUE"""),"NHẬT BẢN") -> NHẬT BẢN | F22: =IFERROR(__xludf.DUMMYFUNCTION("""COMPUTED_VALUE"""),1994) -> 1994 | G22: =IFERROR(__xludf.DUMMYFUNCTION("""COMPUTED_VALUE"""),"GD605A-5") -> GD605A-5 | H22: =IFERROR(__xludf.DUMMYFUNCTION("""COMPUTED_VALUE"""),"145HP") -> 145HP | I22: =IFERROR(__xludf.DUMMYFUNCTION("""COMPUTED_VALUE"""),"G605A54617") -> G605A54617 | J22: =IFERROR(__xludf.DUMMYFUNCTION("""COMPUTED_VALUE"""),"6D12561378") -> 6D12561378 | K22: =IFERROR(__xludf.DUMMYFUNCTION("""COMPUTED_VALUE"""),9.3) -> 9.3 | L22: =IFERROR(__xludf.DUMMYFUNCTION("""COMPUTED_VALUE"""),"KLH") -> KLH
A23: =IFERROR(__xludf.DUMMYFUNCTION("""COMPUTED_VALUE"""),"CHT-BAN-001") -> CHT-BAN-001 | B23: =IFERROR(__xludf.DUMMYFUNCTION("""COMPUTED_VALUE"""),"Xe ban Komatsu 705A") -> Xe ban Komatsu 705A | C23: =IFERROR(__xludf.DUMMYFUNCTION("""COMPUTED_VALUE"""),"CGTC DP") -> CGTC DP | D23: =IFERROR(__xludf.DUMMYFUNCTION("""COMPUTED_VALUE"""),"KOMATSU") -> KOMATSU | E23: =IFERROR(__xludf.DUMMYFUNCTION("""COMPUTED_VALUE"""),"NHẬT BẢN") -> NHẬT BẢN | F23: =IFERROR(__xludf.DUMMYFUNCTION("""COMPUTED_VALUE"""),2018) -> 2018 | G23: =IFERROR(__xludf.DUMMYFUNCTION("""COMPUTED_VALUE"""),"705A") -> 705A | H23: =IFERROR(__xludf.DUMMYFUNCTION("""COMPUTED_VALUE"""),"200HP") -> 200HP | I23: =IFERROR(__xludf.DUMMYFUNCTION("""COMPUTED_VALUE"""),"G70A4A11006") -> G70A4A11006 | J23: =IFERROR(__xludf.DUMMYFUNCTION("""COMPUTED_VALUE"""),"CCN") -> CCN | K23: =IFERROR(__xludf.DUMMYFUNCTION("""COMPUTED_VALUE"""),14.8) -> 14.8 | L23: =IFERROR(__xludf.DUMMYFUNCTION("""COMPUTED_VALUE"""),"KLH") -> KLH
A24: =IFERROR(__xludf.DUMMYFUNCTION("""COMPUTED_VALUE"""),"CHT-MĐA-058") -> CHT-MĐA-058 | B24: =IFERROR(__xludf.DUMMYFUNCTION("""COMPUTED_VALUE"""),"Máy đào KOMATSU bánh xích gàu 0.3m3") -> Máy đào KOMATSU bánh xích gàu 0.3m3 | C24: =IFERROR(__xludf.DUMMYFUNCTION("""COMPUTED_VALUE"""),"CGTC DP") -> CGTC DP | D24: =IFERROR(__xludf.DUMMYFUNCTION("""COMPUTED_VALUE"""),"KOMATSU") -> KOMATSU | E24: =IFERROR(__xludf.DUMMYFUNCTION("""COMPUTED_VALUE"""),"NHẬT BẢN") -> NHẬT BẢN | F24: =IFERROR(__xludf.DUMMYFUNCTION("""COMPUTED_VALUE"""),2015) -> 2015 | G24: =IFERROR(__xludf.DUMMYFUNCTION("""COMPUTED_VALUE"""),"PC40MR-3") -> PC40MR-3 | H24: =IFERROR(__xludf.DUMMYFUNCTION("""COMPUTED_VALUE"""),"40HP") -> 40HP | I24: =IFERROR(__xludf.DUMMYFUNCTION("""COMPUTED_VALUE"""),"KMTPC212VFE019356") -> KMTPC212VFE019356 | J24: =IFERROR(__xludf.DUMMYFUNCTION("""COMPUTED_VALUE"""),"38204") -> 38204 | K24: =IFERROR(__xludf.DUMMYFUNCTION("""COMPUTED_VALUE"""),4) -> 4 | L24: =IFERROR(__xludf.DUMMYFUNCTION("""COMPUTED_VALUE"""),"KLH") -> KLH
A25: =IFERROR(__xludf.DUMMYFUNCTION("""COMPUTED_VALUE"""),"CHT-MĐA-059") -> CHT-MĐA-059 | B25: =IFERROR(__xludf.DUMMYFUNCTION("""COMPUTED_VALUE"""),"Máy đào KOMATSU bánh xích gàu 0.3m3") -> Máy đào KOMATSU bánh xích gàu 0.3m3 | C25: =IFERROR(__xludf.DUMMYFUNCTION("""COMPUTED_VALUE"""),"CGTC DP") -> CGTC DP | D25: =IFERROR(__xludf.DUMMYFUNCTION("""COMPUTED_VALUE"""),"KOMATSU") -> KOMATSU | E25: =IFERROR(__xludf.DUMMYFUNCTION("""COMPUTED_VALUE"""),"NHẬT BẢN") -> NHẬT BẢN | F25: =IFERROR(__xludf.DUMMYFUNCTION("""COMPUTED_VALUE"""),2012) -> 2012 | G25: =IFERROR(__xludf.DUMMYFUNCTION("""COMPUTED_VALUE"""),"PC40MR-3") -> PC40MR-3 | H25: =IFERROR(__xludf.DUMMYFUNCTION("""COMPUTED_VALUE"""),"40HP") -> 40HP | I25: =IFERROR(__xludf.DUMMYFUNCTION("""COMPUTED_VALUE"""),"KMTPC203L04019805") -> KMTPC203L04019805 | J25: =IFERROR(__xludf.DUMMYFUNCTION("""COMPUTED_VALUE"""),"25866") -> 25866 | K25: =IFERROR(__xludf.DUMMYFUNCTION("""COMPUTED_VALUE"""),4) -> 4 | L25: =IFERROR(__xludf.DUMMYFUNCTION("""COMPUTED_VALUE"""),"KLH") -> KLH
A26: =IFERROR(__xludf.DUMMYFUNCTION("""COMPUTED_VALUE"""),"CHT-MĐA-060") -> CHT-MĐA-060 | B26: =IFERROR(__xludf.DUMMYFUNCTION("""COMPUTED_VALUE"""),"Máy đào KOMATSU bánh xích gàu 0.3m3") -> Máy đào KOMATSU bánh xích gàu 0.3m3 | C26: =IFERROR(__xludf.DUMMYFUNCTION("""COMPUTED_VALUE"""),"CGTC DP") -> CGTC DP | D26: =IFERROR(__xludf.DUMMYFUNCTION("""COMPUTED_VALUE"""),"KOMATSU") -> KOMATSU | E26: =IFERROR(__xludf.DUMMYFUNCTION("""COMPUTED_VALUE"""),"NHẬT BẢN") -> NHẬT BẢN | F26: =IFERROR(__xludf.DUMMYFUNCTION("""COMPUTED_VALUE"""),2015) -> 2015 | G26: =IFERROR(__xludf.DUMMYFUNCTION("""COMPUTED_VALUE"""),"PC40MR-3") -> PC40MR-3 | H26: =IFERROR(__xludf.DUMMYFUNCTION("""COMPUTED_VALUE"""),"40HP") -> 40HP | I26: =IFERROR(__xludf.DUMMYFUNCTION("""COMPUTED_VALUE"""),"KMTPC203AFE023466") -> KMTPC203AFE023466 | J26: =IFERROR(__xludf.DUMMYFUNCTION("""COMPUTED_VALUE"""),"36975") -> 36975 | K26: =IFERROR(__xludf.DUMMYFUNCTION("""COMPUTED_VALUE"""),4) -> 4 | L26: =IFERROR(__xludf.DUMMYFUNCTION("""COMPUTED_VALUE"""),"KLH") -> KLH
A27: =IFERROR(__xludf.DUMMYFUNCTION("""COMPUTED_VALUE"""),"CHT-MĐA-062") -> CHT-MĐA-062 | B27: =IFERROR(__xludf.DUMMYFUNCTION("""COMPUTED_VALUE"""),"Máy đào KOMATSU bánh xích gàu 0.3m3") -> Máy đào KOMATSU bánh xích gàu 0.3m3 | C27: =IFERROR(__xludf.DUMMYFUNCTION("""COMPUTED_VALUE"""),"CGTC DP") -> CGTC DP | D27: =IFERROR(__xludf.DUMMYFUNCTION("""COMPUTED_VALUE"""),"KOMATSU") -> KOMATSU | E27: =IFERROR(__xludf.DUMMYFUNCTION("""COMPUTED_VALUE"""),"NHẬT BẢN") -> NHẬT BẢN | F27: =IFERROR(__xludf.DUMMYFUNCTION("""COMPUTED_VALUE"""),2017) -> 2017 | G27: =IFERROR(__xludf.DUMMYFUNCTION("""COMPUTED_VALUE"""),"PC55MR-3") -> PC55MR-3 | H27: =IFERROR(__xludf.DUMMYFUNCTION("""COMPUTED_VALUE"""),"40HP") -> 40HP | I27: =IFERROR(__xludf.DUMMYFUNCTION("""COMPUTED_VALUE"""),"020242") -> 020242 | J27: =IFERROR(__xludf.DUMMYFUNCTION("""COMPUTED_VALUE"""),"10671") -> 10671 | K27: =IFERROR(__xludf.DUMMYFUNCTION("""COMPUTED_VALUE"""),4) -> 4 | L27: =IFERROR(__xludf.DUMMYFUNCTION("""COMPUTED_VALUE"""),"KLH") -> KLH
A28: =IFERROR(__xludf.DUMMYFUNCTION("""COMPUTED_VALUE"""),"CHT-MĐA-063") -> CHT-MĐA-063 | B28: =IFERROR(__xludf.DUMMYFUNCTION("""COMPUTED_VALUE"""),"Máy đào KOMATSU bánh xích gàu 0.3m3") -> Máy đào KOMATSU bánh xích gàu 0.3m3 | C28: =IFERROR(__xludf.DUMMYFUNCTION("""COMPUTED_VALUE"""),"CGTC DP") -> CGTC DP | D28: =IFERROR(__xludf.DUMMYFUNCTION("""COMPUTED_VALUE"""),"KOMATSU") -> KOMATSU | E28: =IFERROR(__xludf.DUMMYFUNCTION("""COMPUTED_VALUE"""),"NHẬT BẢN") -> NHẬT BẢN | F28: =IFERROR(__xludf.DUMMYFUNCTION("""COMPUTED_VALUE"""),2015) -> 2015 | G28: =IFERROR(__xludf.DUMMYFUNCTION("""COMPUTED_VALUE"""),"PC55MR-3") -> PC55MR-3 | H28: =IFERROR(__xludf.DUMMYFUNCTION("""COMPUTED_VALUE"""),"40HP") -> 40HP | I28: =IFERROR(__xludf.DUMMYFUNCTION("""COMPUTED_VALUE"""),"019139") -> 019139 | J28: =IFERROR(__xludf.DUMMYFUNCTION("""COMPUTED_VALUE"""),"36094") -> 36094 | K28: =IFERROR(__xludf.DUMMYFUNCTION("""COMPUTED_VALUE"""),4) -> 4 | L28: =IFERROR(__xludf.DUMMYFUNCTION("""COMPUTED_VALUE"""),"KLH") -> KLH
A29: =IFERROR(__xludf.DUMMYFUNCTION("""COMPUTED_VALUE"""),"CHT-MĐA-047") -> CHT-MĐA-047 | B29: =IFERROR(__xludf.DUMMYFUNCTION("""COMPUTED_VALUE"""),"Máy đào KOMATSU bánh xích gàu 0.3m3") -> Máy đào KOMATSU bánh xích gàu 0.3m3 | C29: =IFERROR(__xludf.DUMMYFUNCTION("""COMPUTED_VALUE"""),"CGTC DP") -> CGTC DP | D29: =IFERROR(__xludf.DUMMYFUNCTION("""COMPUTED_VALUE"""),"KOMATSU") -> KOMATSU | E29: =IFERROR(__xludf.DUMMYFUNCTION("""COMPUTED_VALUE"""),"NHẬT BẢN") -> NHẬT BẢN | F29: =IFERROR(__xludf.DUMMYFUNCTION("""COMPUTED_VALUE"""),2013) -> 2013 | G29: =IFERROR(__xludf.DUMMYFUNCTION("""COMPUTED_VALUE"""),"PC40MR-3") -> PC40MR-3 | H29: =IFERROR(__xludf.DUMMYFUNCTION("""COMPUTED_VALUE"""),"40HP") -> 40HP | I29: =IFERROR(__xludf.DUMMYFUNCTION("""COMPUTED_VALUE"""),"KMTPC203V04021194") -> KMTPC203V04021194 | J29: =IFERROR(__xludf.DUMMYFUNCTION("""COMPUTED_VALUE"""),"25275") -> 25275 | K29: =IFERROR(__xludf.DUMMYFUNCTION("""COMPUTED_VALUE"""),4) -> 4 | L29: =IFERROR(__xludf.DUMMYFUNCTION("""COMPUTED_VALUE"""),"KLH") -> KLH
A30: =IFERROR(__xludf.DUMMYFUNCTION("""COMPUTED_VALUE"""),"CHT-MĐA-048") -> CHT-MĐA-048 | B30: =IFERROR(__xludf.DUMMYFUNCTION("""COMPUTED_VALUE"""),"Máy đào KOMATSU bánh xích gàu 0.3m3") -> Máy đào KOMATSU bánh xích gàu 0.3m3 | C30: =IFERROR(__xludf.DUMMYFUNCTION("""COMPUTED_VALUE"""),"CGTC DP") -> CGTC DP | D30: =IFERROR(__xludf.DUMMYFUNCTION("""COMPUTED_VALUE"""),"KOMATSU") -> KOMATSU | E30: =IFERROR(__xludf.DUMMYFUNCTION("""COMPUTED_VALUE"""),"NHẬT BẢN") -> NHẬT BẢN | F30: =IFERROR(__xludf.DUMMYFUNCTION("""COMPUTED_VALUE"""),2013) -> 2013 | G30: =IFERROR(__xludf.DUMMYFUNCTION("""COMPUTED_VALUE"""),"PC40MR-3") -> PC40MR-3 | H30: =IFERROR(__xludf.DUMMYFUNCTION("""COMPUTED_VALUE"""),"40HP") -> 40HP | I30: =IFERROR(__xludf.DUMMYFUNCTION("""COMPUTED_VALUE"""),"KMTPC203K04021031") -> KMTPC203K04021031 | J30: =IFERROR(__xludf.DUMMYFUNCTION("""COMPUTED_VALUE"""),"27440") -> 27440 | K30: =IFERROR(__xludf.DUMMYFUNCTION("""COMPUTED_VALUE"""),4) -> 4 | L30: =IFERROR(__xludf.DUMMYFUNCTION("""COMPUTED_VALUE"""),"KLH") -> KLH
A31: =IFERROR(__xludf.DUMMYFUNCTION("""COMPUTED_VALUE"""),"CHT-MĐA-078") -> CHT-MĐA-078 | B31: =IFERROR(__xludf.DUMMYFUNCTION("""COMPUTED_VALUE"""),"Máy đào KOMATSU bánh xích gàu 0.3m3") -> Máy đào KOMATSU bánh xích gàu 0.3m3 | C31: =IFERROR(__xludf.DUMMYFUNCTION("""COMPUTED_VALUE"""),"CGTC DP") -> CGTC DP | D31: =IFERROR(__xludf.DUMMYFUNCTION("""COMPUTED_VALUE"""),"KOMATSU") -> KOMATSU | E31: =IFERROR(__xludf.DUMMYFUNCTION("""COMPUTED_VALUE"""),"NHẬT BẢN") -> NHẬT BẢN | F31: =IFERROR(__xludf.DUMMYFUNCTION("""COMPUTED_VALUE"""),2015) -> 2015 | G31: =IFERROR(__xludf.DUMMYFUNCTION("""COMPUTED_VALUE"""),"PC40MR-3-AC") -> PC40MR-3-AC | H31: =IFERROR(__xludf.DUMMYFUNCTION("""COMPUTED_VALUE"""),"40HP") -> 40HP | I31: =IFERROR(__xludf.DUMMYFUNCTION("""COMPUTED_VALUE"""),"KMTPC203KFE023963") -> KMTPC203KFE023963 | J31: =IFERROR(__xludf.DUMMYFUNCTION("""COMPUTED_VALUE"""),"KACJ4722") -> KACJ4722 | K31: =IFERROR(__xludf.DUMMYFUNCTION("""COMPUTED_VALUE"""),4) -> 4 | L31: =IFERROR(__xludf.DUMMYFUNCTION("""COMPUTED_VALUE"""),"KLH") -> KLH
A32: =IFERROR(__xludf.DUMMYFUNCTION("""COMPUTED_VALUE"""),"CHT-XLU-008") -> CHT-XLU-008 | B32: =IFERROR(__xludf.DUMMYFUNCTION("""COMPUTED_VALUE"""),"Xe lu rung DYNAPAC 5 tấn") -> Xe lu rung DYNAPAC 5 tấn | C32: =IFERROR(__xludf.DUMMYFUNCTION("""COMPUTED_VALUE"""),"CGTC DP") -> CGTC DP | D32: =IFERROR(__xludf.DUMMYFUNCTION("""COMPUTED_VALUE"""),"HITACHI") -> HITACHI | E32: =IFERROR(__xludf.DUMMYFUNCTION("""COMPUTED_VALUE"""),"TRUNG QUỐC") -> TRUNG QUỐC | F32: =IFERROR(__xludf.DUMMYFUNCTION("""COMPUTED_VALUE"""),2005) -> 2005 | G32: =IFERROR(__xludf.DUMMYFUNCTION("""COMPUTED_VALUE"""),"CC150C-2") -> CC150C-2 | H32: =IFERROR(__xludf.DUMMYFUNCTION("""COMPUTED_VALUE"""),"75HP") -> 75HP | I32: =IFERROR(__xludf.DUMMYFUNCTION("""COMPUTED_VALUE"""),"HCM8U600L00010288") -> HCM8U600L00010288 | J32: =IFERROR(__xludf.DUMMYFUNCTION("""COMPUTED_VALUE"""),"3LD2-453954") -> 3LD2-453954 | K32: =IFERROR(__xludf.DUMMYFUNCTION("""COMPUTED_VALUE"""),2.6) -> 2.6 | L32: =IFERROR(__xludf.DUMMYFUNCTION("""COMPUTED_VALUE"""),"KLH") -> KLH
A33: =IFERROR(__xludf.DUMMYFUNCTION("""COMPUTED_VALUE"""),"CHT-MĐA-066") -> CHT-MĐA-066 | B33: =IFERROR(__xludf.DUMMYFUNCTION("""COMPUTED_VALUE"""),"Máy đào KOMATSU bánh lốp gàu 0.7m3") -> Máy đào KOMATSU bánh lốp gàu 0.7m3 | C33: =IFERROR(__xludf.DUMMYFUNCTION("""COMPUTED_VALUE"""),"CGTC DP") -> CGTC DP | D33: =IFERROR(__xludf.DUMMYFUNCTION("""COMPUTED_VALUE"""),"KOMATSU") -> KOMATSU | E33: =IFERROR(__xludf.DUMMYFUNCTION("""COMPUTED_VALUE"""),"ĐỨC") -> ĐỨC | F33: =IFERROR(__xludf.DUMMYFUNCTION("""COMPUTED_VALUE"""),2006) -> 2006 | G33: =IFERROR(__xludf.DUMMYFUNCTION("""COMPUTED_VALUE"""),"PW160-7") -> PW160-7 | H33: =IFERROR(__xludf.DUMMYFUNCTION("""COMPUTED_VALUE"""),"120HP") -> 120HP | I33: =IFERROR(__xludf.DUMMYFUNCTION("""COMPUTED_VALUE"""),"KMTPW013T79H50346") -> KMTPW013T79H50346 | J33: =IFERROR(__xludf.DUMMYFUNCTION("""COMPUTED_VALUE"""),"21721047") -> 21721047 | K33: =IFERROR(__xludf.DUMMYFUNCTION("""COMPUTED_VALUE"""),10) -> 10 | L33: =IFERROR(__xludf.DUMMYFUNCTION("""COMPUTED_VALUE"""),"KLH") -> KLH
A34: =IFERROR(__xludf.DUMMYFUNCTION("""COMPUTED_VALUE"""),"CHT-MĐA-067") -> CHT-MĐA-067 | B34: =IFERROR(__xludf.DUMMYFUNCTION("""COMPUTED_VALUE"""),"Máy đào KOMATSU bánh lốp gàu 0.8m3") -> Máy đào KOMATSU bánh lốp gàu 0.8m3 | C34: =IFERROR(__xludf.DUMMYFUNCTION("""COMPUTED_VALUE"""),"CGTC DP") -> CGTC DP | D34: =IFERROR(__xludf.DUMMYFUNCTION("""COMPUTED_VALUE"""),"KOMATSU") -> KOMATSU | E34: =IFERROR(__xludf.DUMMYFUNCTION("""COMPUTED_VALUE"""),"NHẬT BẢN") -> NHẬT BẢN | F34: =IFERROR(__xludf.DUMMYFUNCTION("""COMPUTED_VALUE"""),2012) -> 2012 | G34: =IFERROR(__xludf.DUMMYFUNCTION("""COMPUTED_VALUE"""),"PW200-7") -> PW200-7 | H34: =IFERROR(__xludf.DUMMYFUNCTION("""COMPUTED_VALUE"""),"150HP") -> 150HP | I34: =IFERROR(__xludf.DUMMYFUNCTION("""COMPUTED_VALUE"""),"KMTPW015K79H50237") -> KMTPW015K79H50237 | J34: =IFERROR(__xludf.DUMMYFUNCTION("""COMPUTED_VALUE"""),"21719691") -> 21719691 | K34: =IFERROR(__xludf.DUMMYFUNCTION("""COMPUTED_VALUE"""),12.5) -> 12.5 | L34: =IFERROR(__xludf.DUMMYFUNCTION("""COMPUTED_VALUE"""),"KLH") -> KLH
A35: =IFERROR(__xludf.DUMMYFUNCTION("""COMPUTED_VALUE"""),"CHT-MĐA-072") -> CHT-MĐA-072 | B35: =IFERROR(__xludf.DUMMYFUNCTION("""COMPUTED_VALUE"""),"Máy đào KOMATSU bánh xích gàu 0.8m3") -> Máy đào KOMATSU bánh xích gàu 0.8m3 | C35: =IFERROR(__xludf.DUMMYFUNCTION("""COMPUTED_VALUE"""),"CGTC DP") -> CGTC DP | D35: =IFERROR(__xludf.DUMMYFUNCTION("""COMPUTED_VALUE"""),"KOMATSU") -> KOMATSU | E35: =IFERROR(__xludf.DUMMYFUNCTION("""COMPUTED_VALUE"""),"NHẬT BẢN") -> NHẬT BẢN | F35: =IFERROR(__xludf.DUMMYFUNCTION("""COMPUTED_VALUE"""),2005) -> 2005 | G35: =IFERROR(__xludf.DUMMYFUNCTION("""COMPUTED_VALUE"""),"PC228US-3N0") -> PC228US-3N0 | H35: =IFERROR(__xludf.DUMMYFUNCTION("""COMPUTED_VALUE"""),"145HP") -> 145HP | I35: =IFERROR(__xludf.DUMMYFUNCTION("""COMPUTED_VALUE"""),"KMTPC057E02032035") -> KMTPC057E02032035 | J35: =IFERROR(__xludf.DUMMYFUNCTION("""COMPUTED_VALUE"""),"6D1022638264") -> 6D1022638264 | K35: =IFERROR(__xludf.DUMMYFUNCTION("""COMPUTED_VALUE"""),14) -> 14 | L35: =IFERROR(__xludf.DUMMYFUNCTION("""COMPUTED_VALUE"""),"KLH") -> KLH
A36: =IFERROR(__xludf.DUMMYFUNCTION("""COMPUTED_VALUE"""),"CHT-MUI-011") -> CHT-MUI-011 | B36: =IFERROR(__xludf.DUMMYFUNCTION("""COMPUTED_VALUE"""),"Máy ủi KOMATSU D31PX") -> Máy ủi KOMATSU D31PX | C36: =IFERROR(__xludf.DUMMYFUNCTION("""COMPUTED_VALUE"""),"CGTC DP") -> CGTC DP | D36: =IFERROR(__xludf.DUMMYFUNCTION("""COMPUTED_VALUE"""),"KOMATSU") -> KOMATSU | E36: =IFERROR(__xludf.DUMMYFUNCTION("""COMPUTED_VALUE"""),"NHẬT BẢN") -> NHẬT BẢN | F36: =IFERROR(__xludf.DUMMYFUNCTION("""COMPUTED_VALUE"""),2003) -> 2003 | G36: =IFERROR(__xludf.DUMMYFUNCTION("""COMPUTED_VALUE"""),"D31PX-21") -> D31PX-21 | H36: =IFERROR(__xludf.DUMMYFUNCTION("""COMPUTED_VALUE"""),"76HP") -> 76HP | I36: =IFERROR(__xludf.DUMMYFUNCTION("""COMPUTED_VALUE"""),"D31PX2150296") -> D31PX2150296 | J36: =IFERROR(__xludf.DUMMYFUNCTION("""COMPUTED_VALUE"""),"4D10226319872") -> 4D10226319872 | K36: =IFERROR(__xludf.DUMMYFUNCTION("""COMPUTED_VALUE"""),8) -> 8 | L36: =IFERROR(__xludf.DUMMYFUNCTION("""COMPUTED_VALUE"""),"KLH") -> KLH
A37: =IFERROR(__xludf.DUMMYFUNCTION("""COMPUTED_VALUE"""),"CHT-XTA-030") -> CHT-XTA-030 | B37: =IFERROR(__xludf.DUMMYFUNCTION("""COMPUTED_VALUE"""),"Xe ben FD150") -> Xe ben FD150 | C37: =IFERROR(__xludf.DUMMYFUNCTION("""COMPUTED_VALUE"""),"CGTC DP") -> CGTC DP | D37: =IFERROR(__xludf.DUMMYFUNCTION("""COMPUTED_VALUE"""),"THACO FORLAND") -> THACO FORLAND | E37: =IFERROR(__xludf.DUMMYFUNCTION("""COMPUTED_VALUE"""),"VIỆT NAM") -> VIỆT NAM | F37: =IFERROR(__xludf.DUMMYFUNCTION("""COMPUTED_VALUE"""),2024) -> 2024 | G37: =IFERROR(__xludf.DUMMYFUNCTION("""COMPUTED_VALUE"""),"FD150-4WD ") -> FD150-4WD | H37: =IFERROR(__xludf.DUMMYFUNCTION("""COMPUTED_VALUE"""),"150HP") -> 150HP | I37: =IFERROR(__xludf.DUMMYFUNCTION("""COMPUTED_VALUE"""),"RNHF16FYART000834") -> RNHF16FYART000834 | J37: =IFERROR(__xludf.DUMMYFUNCTION("""COMPUTED_VALUE"""),"D59M1N01254") -> D59M1N01254 | K37: =IFERROR(__xludf.DUMMYFUNCTION("""COMPUTED_VALUE"""),0.63) -> 0.63 | L37: =IFERROR(__xludf.DUMMYFUNCTION("""COMPUTED_VALUE"""),"KLH") -> KLH
A38: =IFERROR(__xludf.DUMMYFUNCTION("""COMPUTED_VALUE"""),"CHT-XTA-031") -> CHT-XTA-031 | B38: =IFERROR(__xludf.DUMMYFUNCTION("""COMPUTED_VALUE"""),"Xe ben FD150") -> Xe ben FD150 | C38: =IFERROR(__xludf.DUMMYFUNCTION("""COMPUTED_VALUE"""),"CGTC DP") -> CGTC DP | D38: =IFERROR(__xludf.DUMMYFUNCTION("""COMPUTED_VALUE"""),"THACO FORLAND") -> THACO FORLAND | E38: =IFERROR(__xludf.DUMMYFUNCTION("""COMPUTED_VALUE"""),"VIỆT NAM") -> VIỆT NAM | F38: =IFERROR(__xludf.DUMMYFUNCTION("""COMPUTED_VALUE"""),2024) -> 2024 | G38: =IFERROR(__xludf.DUMMYFUNCTION("""COMPUTED_VALUE"""),"FD150-4WD") -> FD150-4WD | H38: =IFERROR(__xludf.DUMMYFUNCTION("""COMPUTED_VALUE"""),"150HP") -> 150HP | I38: =IFERROR(__xludf.DUMMYFUNCTION("""COMPUTED_VALUE"""),"RNHF16FYART000835") -> RNHF16FYART000835 | J38: =IFERROR(__xludf.DUMMYFUNCTION("""COMPUTED_VALUE"""),"D59M1N01360") -> D59M1N01360 | K38: =IFERROR(__xludf.DUMMYFUNCTION("""COMPUTED_VALUE"""),0.63) -> 0.63 | L38: =IFERROR(__xludf.DUMMYFUNCTION("""COMPUTED_VALUE"""),"KLH") -> KLH
A39: =IFERROR(__xludf.DUMMYFUNCTION("""COMPUTED_VALUE"""),"CHT-XTA-037") -> CHT-XTA-037 | B39: =IFERROR(__xludf.DUMMYFUNCTION("""COMPUTED_VALUE"""),"Xe ben FC150") -> Xe ben FC150 | C39: =IFERROR(__xludf.DUMMYFUNCTION("""COMPUTED_VALUE"""),"CGTC DP") -> CGTC DP | D39: =IFERROR(__xludf.DUMMYFUNCTION("""COMPUTED_VALUE"""),"THACO FORLAND") -> THACO FORLAND | E39: =IFERROR(__xludf.DUMMYFUNCTION("""COMPUTED_VALUE"""),"VIỆT NAM") -> VIỆT NAM | F39: =IFERROR(__xludf.DUMMYFUNCTION("""COMPUTED_VALUE"""),2024) -> 2024 | G39: =IFERROR(__xludf.DUMMYFUNCTION("""COMPUTED_VALUE"""),"FC150-4WD") -> FC150-4WD | H39: =IFERROR(__xludf.DUMMYFUNCTION("""COMPUTED_VALUE"""),"150HP") -> 150HP | I39: =IFERROR(__xludf.DUMMYFUNCTION("""COMPUTED_VALUE"""),"RNHF16FYBRT000132") -> RNHF16FYBRT000132 | J39: =IFERROR(__xludf.DUMMYFUNCTION("""COMPUTED_VALUE"""),"D59M1N01088") -> D59M1N01088 | K39: =IFERROR(__xludf.DUMMYFUNCTION("""COMPUTED_VALUE"""),4.5) -> 4.5 | L39: =IFERROR(__xludf.DUMMYFUNCTION("""COMPUTED_VALUE"""),"KLH") -> KLH
A40: =IFERROR(__xludf.DUMMYFUNCTION("""COMPUTED_VALUE"""),"CHT-XTA-038") -> CHT-XTA-038 | B40: =IFERROR(__xludf.DUMMYFUNCTION("""COMPUTED_VALUE"""),"Xe ben FC150") -> Xe ben FC150 | C40: =IFERROR(__xludf.DUMMYFUNCTION("""COMPUTED_VALUE"""),"CGTC DP") -> CGTC DP | D40: =IFERROR(__xludf.DUMMYFUNCTION("""COMPUTED_VALUE"""),"THACO FORLAND") -> THACO FORLAND | E40: =IFERROR(__xludf.DUMMYFUNCTION("""COMPUTED_VALUE"""),"VIỆT NAM") -> VIỆT NAM | F40: =IFERROR(__xludf.DUMMYFUNCTION("""COMPUTED_VALUE"""),2024) -> 2024 | G40: =IFERROR(__xludf.DUMMYFUNCTION("""COMPUTED_VALUE"""),"FC150-4WD") -> FC150-4WD | H40: =IFERROR(__xludf.DUMMYFUNCTION("""COMPUTED_VALUE"""),"150HP") -> 150HP | I40: =IFERROR(__xludf.DUMMYFUNCTION("""COMPUTED_VALUE"""),"RNHF16FYBRT000133") -> RNHF16FYBRT000133 | J40: =IFERROR(__xludf.DUMMYFUNCTION("""COMPUTED_VALUE"""),"D59M1N01089") -> D59M1N01089 | K40: =IFERROR(__xludf.DUMMYFUNCTION("""COMPUTED_VALUE"""),0.63) -> 0.63 | L40: =IFERROR(__xludf.DUMMYFUNCTION("""COMPUTED_VALUE"""),"KLH") -> KLH
A41: =IFERROR(__xludf.DUMMYFUNCTION("""COMPUTED_VALUE"""),"CHT-XTA-039") -> CHT-XTA-039 | B41: =IFERROR(__xludf.DUMMYFUNCTION("""COMPUTED_VALUE"""),"Xe ben FC150") -> Xe ben FC150 | C41: =IFERROR(__xludf.DUMMYFUNCTION("""COMPUTED_VALUE"""),"CGTC DP") -> CGTC DP | D41: =IFERROR(__xludf.DUMMYFUNCTION("""COMPUTED_VALUE"""),"THACO FORLAND") -> THACO FORLAND | E41: =IFERROR(__xludf.DUMMYFUNCTION("""COMPUTED_VALUE"""),"VIỆT NAM") -> VIỆT NAM | F41: =IFERROR(__xludf.DUMMYFUNCTION("""COMPUTED_VALUE"""),2024) -> 2024 | G41: =IFERROR(__xludf.DUMMYFUNCTION("""COMPUTED_VALUE"""),"FC150-4WD") -> FC150-4WD | H41: =IFERROR(__xludf.DUMMYFUNCTION("""COMPUTED_VALUE"""),"150HP") -> 150HP | I41: =IFERROR(__xludf.DUMMYFUNCTION("""COMPUTED_VALUE"""),"RNHF16FYBRT000134") -> RNHF16FYBRT000134 | J41: =IFERROR(__xludf.DUMMYFUNCTION("""COMPUTED_VALUE"""),"D59M1N01091") -> D59M1N01091 | K41: =IFERROR(__xludf.DUMMYFUNCTION("""COMPUTED_VALUE"""),0.63) -> 0.63 | L41: =IFERROR(__xludf.DUMMYFUNCTION("""COMPUTED_VALUE"""),"KLH") -> KLH
A42: =IFERROR(__xludf.DUMMYFUNCTION("""COMPUTED_VALUE"""),"CHT-XTA-040") -> CHT-XTA-040 | B42: =IFERROR(__xludf.DUMMYFUNCTION("""COMPUTED_VALUE"""),"Xe ben FC150") -> Xe ben FC150 | C42: =IFERROR(__xludf.DUMMYFUNCTION("""COMPUTED_VALUE"""),"CGTC DP") -> CGTC DP | D42: =IFERROR(__xludf.DUMMYFUNCTION("""COMPUTED_VALUE"""),"THACO FORLAND") -> THACO FORLAND | E42: =IFERROR(__xludf.DUMMYFUNCTION("""COMPUTED_VALUE"""),"VIỆT NAM") -> VIỆT NAM | F42: =IFERROR(__xludf.DUMMYFUNCTION("""COMPUTED_VALUE"""),2024) -> 2024 | G42: =IFERROR(__xludf.DUMMYFUNCTION("""COMPUTED_VALUE"""),"FC150-4WD") -> FC150-4WD | H42: =IFERROR(__xludf.DUMMYFUNCTION("""COMPUTED_VALUE"""),"150HP") -> 150HP | I42: =IFERROR(__xludf.DUMMYFUNCTION("""COMPUTED_VALUE"""),"RNHF16FYBRT000135") -> RNHF16FYBRT000135 | J42: =IFERROR(__xludf.DUMMYFUNCTION("""COMPUTED_VALUE"""),"D59M1N01092") -> D59M1N01092 | K42: =IFERROR(__xludf.DUMMYFUNCTION("""COMPUTED_VALUE"""),0.63) -> 0.63 | L42: =IFERROR(__xludf.DUMMYFUNCTION("""COMPUTED_VALUE"""),"KLH") -> KLH
A43: =IFERROR(__xludf.DUMMYFUNCTION("""COMPUTED_VALUE"""),"CHT-XTA-044") -> CHT-XTA-044 | B43: =IFERROR(__xludf.DUMMYFUNCTION("""COMPUTED_VALUE"""),"Xe ben FD120") -> Xe ben FD120 | C43: =IFERROR(__xludf.DUMMYFUNCTION("""COMPUTED_VALUE"""),"CGTC DP") -> CGTC DP | D43: =IFERROR(__xludf.DUMMYFUNCTION("""COMPUTED_VALUE"""),"THACO FORLAND") -> THACO FORLAND | E43: =IFERROR(__xludf.DUMMYFUNCTION("""COMPUTED_VALUE"""),"VIỆT NAM") -> VIỆT NAM | F43: =IFERROR(__xludf.DUMMYFUNCTION("""COMPUTED_VALUE"""),2024) -> 2024 | G43: =IFERROR(__xludf.DUMMYFUNCTION("""COMPUTED_VALUE"""),"FD120-4WD") -> FD120-4WD | H43: =IFERROR(__xludf.DUMMYFUNCTION("""COMPUTED_VALUE"""),"129HP") -> 129HP | I43: =IFERROR(__xludf.DUMMYFUNCTION("""COMPUTED_VALUE"""),"RNHF12FNBRT002062") -> RNHF12FNBRT002062 | J43: =IFERROR(__xludf.DUMMYFUNCTION("""COMPUTED_VALUE"""),"YN38CRD1*AGN22000242*") -> YN38CRD1*AGN22000242* | K43: =IFERROR(__xludf.DUMMYFUNCTION("""COMPUTED_VALUE"""),0.61) -> 0.61 | L43: =IFERROR(__xludf.DUMMYFUNCTION("""COMPUTED_VALUE"""),"KLH") -> KLH
A44: =IFERROR(__xludf.DUMMYFUNCTION("""COMPUTED_VALUE"""),"CHT-XTA-045") -> CHT-XTA-045 | B44: =IFERROR(__xludf.DUMMYFUNCTION("""COMPUTED_VALUE"""),"Xe ben FD120") -> Xe ben FD120 | C44: =IFERROR(__xludf.DUMMYFUNCTION("""COMPUTED_VALUE"""),"CGTC DP") -> CGTC DP | D44: =IFERROR(__xludf.DUMMYFUNCTION("""COMPUTED_VALUE"""),"THACO FORLAND") -> THACO FORLAND | E44: =IFERROR(__xludf.DUMMYFUNCTION("""COMPUTED_VALUE"""),"VIỆT NAM") -> VIỆT NAM | F44: =IFERROR(__xludf.DUMMYFUNCTION("""COMPUTED_VALUE"""),2024) -> 2024 | G44: =IFERROR(__xludf.DUMMYFUNCTION("""COMPUTED_VALUE"""),"FD120-4WD") -> FD120-4WD | H44: =IFERROR(__xludf.DUMMYFUNCTION("""COMPUTED_VALUE"""),"129HP") -> 129HP | I44: =IFERROR(__xludf.DUMMYFUNCTION("""COMPUTED_VALUE"""),"RNHF12FNBRT002063") -> RNHF12FNBRT002063 | J44: =IFERROR(__xludf.DUMMYFUNCTION("""COMPUTED_VALUE"""),"YN38CRD1*AGN22000243*") -> YN38CRD1*AGN22000243* | K44: =IFERROR(__xludf.DUMMYFUNCTION("""COMPUTED_VALUE"""),0.61) -> 0.61 | L44: =IFERROR(__xludf.DUMMYFUNCTION("""COMPUTED_VALUE"""),"KLH") -> KLH
A45: =IFERROR(__xludf.DUMMYFUNCTION("""COMPUTED_VALUE"""),"CHT-XTA-046") -> CHT-XTA-046 | B45: =IFERROR(__xludf.DUMMYFUNCTION("""COMPUTED_VALUE"""),"Xe ben FD120") -> Xe ben FD120 | C45: =IFERROR(__xludf.DUMMYFUNCTION("""COMPUTED_VALUE"""),"CGTC DP") -> CGTC DP | D45: =IFERROR(__xludf.DUMMYFUNCTION("""COMPUTED_VALUE"""),"THACO FORLAND") -> THACO FORLAND | E45: =IFERROR(__xludf.DUMMYFUNCTION("""COMPUTED_VALUE"""),"VIỆT NAM") -> VIỆT NAM | F45: =IFERROR(__xludf.DUMMYFUNCTION("""COMPUTED_VALUE"""),2024) -> 2024 | G45: =IFERROR(__xludf.DUMMYFUNCTION("""COMPUTED_VALUE"""),"FD120-4WD") -> FD120-4WD | H45: =IFERROR(__xludf.DUMMYFUNCTION("""COMPUTED_VALUE"""),"129HP") -> 129HP | I45: =IFERROR(__xludf.DUMMYFUNCTION("""COMPUTED_VALUE"""),"RNHF12FNBRT002064") -> RNHF12FNBRT002064 | J45: =IFERROR(__xludf.DUMMYFUNCTION("""COMPUTED_VALUE"""),"YN38CRD1*AGN22000244*") -> YN38CRD1*AGN22000244* | K45: =IFERROR(__xludf.DUMMYFUNCTION("""COMPUTED_VALUE"""),0.61) -> 0.61 | L45: =IFERROR(__xludf.DUMMYFUNCTION("""COMPUTED_VALUE"""),"KLH") -> KLH
A46: =IFERROR(__xludf.DUMMYFUNCTION("""COMPUTED_VALUE"""),"CHT-XTA-047") -> CHT-XTA-047 | B46: =IFERROR(__xludf.DUMMYFUNCTION("""COMPUTED_VALUE"""),"Xe ben FD120") -> Xe ben FD120 | C46: =IFERROR(__xludf.DUMMYFUNCTION("""COMPUTED_VALUE"""),"CGTC DP") -> CGTC DP | D46: =IFERROR(__xludf.DUMMYFUNCTION("""COMPUTED_VALUE"""),"THACO FORLAND") -> THACO FORLAND | E46: =IFERROR(__xludf.DUMMYFUNCTION("""COMPUTED_VALUE"""),"VIỆT NAM") -> VIỆT NAM | F46: =IFERROR(__xludf.DUMMYFUNCTION("""COMPUTED_VALUE"""),2024) -> 2024 | G46: =IFERROR(__xludf.DUMMYFUNCTION("""COMPUTED_VALUE"""),"FD120-4WD") -> FD120-4WD | H46: =IFERROR(__xludf.DUMMYFUNCTION("""COMPUTED_VALUE"""),"129HP") -> 129HP | I46: =IFERROR(__xludf.DUMMYFUNCTION("""COMPUTED_VALUE"""),"RNHF12FNBRT002065") -> RNHF12FNBRT002065 | J46: =IFERROR(__xludf.DUMMYFUNCTION("""COMPUTED_VALUE"""),"YN38CRD1*AGN22000245*") -> YN38CRD1*AGN22000245* | K46: =IFERROR(__xludf.DUMMYFUNCTION("""COMPUTED_VALUE"""),0.61) -> 0.61 | L46: =IFERROR(__xludf.DUMMYFUNCTION("""COMPUTED_VALUE"""),"KLH") -> KLH
A47: =IFERROR(__xludf.DUMMYFUNCTION("""COMPUTED_VALUE"""),"CHT-XTA-049") -> CHT-XTA-049 | B47: =IFERROR(__xludf.DUMMYFUNCTION("""COMPUTED_VALUE"""),"Xe ben HOWO TXD600") -> Xe ben HOWO TXD600 | C47: =IFERROR(__xludf.DUMMYFUNCTION("""COMPUTED_VALUE"""),"CGTC DP") -> CGTC DP | D47: =IFERROR(__xludf.DUMMYFUNCTION("""COMPUTED_VALUE"""),"HOWO") -> HOWO | E47: =IFERROR(__xludf.DUMMYFUNCTION("""COMPUTED_VALUE"""),"VIỆT NAM") -> VIỆT NAM | F47: =IFERROR(__xludf.DUMMYFUNCTION("""COMPUTED_VALUE"""),2022) -> 2022 | G47: =IFERROR(__xludf.DUMMYFUNCTION("""COMPUTED_VALUE"""),"HOWO TX D600") -> HOWO TX D600 | H47: =IFERROR(__xludf.DUMMYFUNCTION("""COMPUTED_VALUE"""),"380HP") -> 380HP | I47: =IFERROR(__xludf.DUMMYFUNCTION("""COMPUTED_VALUE"""),"RNHD24CWART00061") -> RNHD24CWART00061 | J47: =IFERROR(__xludf.DUMMYFUNCTION("""COMPUTED_VALUE"""),"WP10380E53*1622F024366*") -> WP10380E53*1622F024366* | K47: =IFERROR(__xludf.DUMMYFUNCTION("""COMPUTED_VALUE"""),1.34) -> 1.34 | L47: =IFERROR(__xludf.DUMMYFUNCTION("""COMPUTED_VALUE"""),"KLH") -> KLH
A48: =IFERROR(__xludf.DUMMYFUNCTION("""COMPUTED_VALUE"""),"CHT-XTA-050") -> CHT-XTA-050 | B48: =IFERROR(__xludf.DUMMYFUNCTION("""COMPUTED_VALUE"""),"Xe ben HOWO TXD600") -> Xe ben HOWO TXD600 | C48: =IFERROR(__xludf.DUMMYFUNCTION("""COMPUTED_VALUE"""),"CGTC DP") -> CGTC DP | D48: =IFERROR(__xludf.DUMMYFUNCTION("""COMPUTED_VALUE"""),"HOWO") -> HOWO | E48: =IFERROR(__xludf.DUMMYFUNCTION("""COMPUTED_VALUE"""),"VIỆT NAM") -> VIỆT NAM | F48: =IFERROR(__xludf.DUMMYFUNCTION("""COMPUTED_VALUE"""),2022) -> 2022 | G48: =IFERROR(__xludf.DUMMYFUNCTION("""COMPUTED_VALUE"""),"HOWO TX D600") -> HOWO TX D600 | H48: =IFERROR(__xludf.DUMMYFUNCTION("""COMPUTED_VALUE"""),"380HP") -> 380HP | I48: =IFERROR(__xludf.DUMMYFUNCTION("""COMPUTED_VALUE"""),"RNHD24CWART00062") -> RNHD24CWART00062 | J48: =IFERROR(__xludf.DUMMYFUNCTION("""COMPUTED_VALUE"""),"WP10380E53*1622F024350*") -> WP10380E53*1622F024350* | K48: =IFERROR(__xludf.DUMMYFUNCTION("""COMPUTED_VALUE"""),1.34) -> 1.34 | L48: =IFERROR(__xludf.DUMMYFUNCTION("""COMPUTED_VALUE"""),"KLH") -> KLH
A49: =IFERROR(__xludf.DUMMYFUNCTION("""COMPUTED_VALUE"""),"CHT-XCA-004") -> CHT-XCA-004 | B49: =IFERROR(__xludf.DUMMYFUNCTION("""COMPUTED_VALUE"""),"Xe cẩu bàn 5 tấn") -> Xe cẩu bàn 5 tấn | C49: =IFERROR(__xludf.DUMMYFUNCTION("""COMPUTED_VALUE"""),"CGTC DP") -> CGTC DP | D49: =IFERROR(__xludf.DUMMYFUNCTION("""COMPUTED_VALUE"""),"HOWO") -> HOWO | E49: =IFERROR(__xludf.DUMMYFUNCTION("""COMPUTED_VALUE"""),"TRUNG QUỐC") -> TRUNG QUỐC | F49: =IFERROR(__xludf.DUMMYFUNCTION("""COMPUTED_VALUE"""),2022) -> 2022 | G49: =IFERROR(__xludf.DUMMYFUNCTION("""COMPUTED_VALUE"""),"TXD800-ND2") -> TXD800-ND2 | H49: =IFERROR(__xludf.DUMMYFUNCTION("""COMPUTED_VALUE"""),"380HP") -> 380HP | I49: =IFERROR(__xludf.DUMMYFUNCTION("""COMPUTED_VALUE"""),"RNHD30CWANT058649") -> RNHD30CWANT058649 | J49: =IFERROR(__xludf.DUMMYFUNCTION("""COMPUTED_VALUE"""),"WP10380E53*1622B008536*") -> WP10380E53*1622B008536* | L49: =IFERROR(__xludf.DUMMYFUNCTION("""COMPUTED_VALUE"""),"KLH") -> KLH
A50: =IFERROR(__xludf.DUMMYFUNCTION("""COMPUTED_VALUE"""),"Cơ giới thi công LP") -> Cơ giới thi công LP | L50: =IFERROR(__xludf.DUMMYFUNCTION("""COMPUTED_VALUE"""),"KLH") -> KLH
A51: =IFERROR(__xludf.DUMMYFUNCTION("""COMPUTED_VALUE"""),"CHT-BAN-002") -> CHT-BAN-002 | B51: =IFERROR(__xludf.DUMMYFUNCTION("""COMPUTED_VALUE"""),"Xe ban KOMATSU GD605A") -> Xe ban KOMATSU GD605A | C51: =IFERROR(__xludf.DUMMYFUNCTION("""COMPUTED_VALUE"""),"CGTC LP") -> CGTC LP | D51: =IFERROR(__xludf.DUMMYFUNCTION("""COMPUTED_VALUE"""),"KOMATSU") -> KOMATSU | E51: =IFERROR(__xludf.DUMMYFUNCTION("""COMPUTED_VALUE"""),"NHẬT BẢN") -> NHẬT BẢN | F51: =IFERROR(__xludf.DUMMYFUNCTION("""COMPUTED_VALUE"""),1995) -> 1995 | G51: =IFERROR(__xludf.DUMMYFUNCTION("""COMPUTED_VALUE"""),"GD605A-5") -> GD605A-5 | H51: =IFERROR(__xludf.DUMMYFUNCTION("""COMPUTED_VALUE"""),"145HP") -> 145HP | I51: =IFERROR(__xludf.DUMMYFUNCTION("""COMPUTED_VALUE"""),"G60A51575") -> G60A51575 | J51: =IFERROR(__xludf.DUMMYFUNCTION("""COMPUTED_VALUE"""),"6D12562969") -> 6D12562969 | K51: =IFERROR(__xludf.DUMMYFUNCTION("""COMPUTED_VALUE"""),9.3) -> 9.3 | L51: =IFERROR(__xludf.DUMMYFUNCTION("""COMPUTED_VALUE"""),"KLH") -> KLH
A52: =IFERROR(__xludf.DUMMYFUNCTION("""COMPUTED_VALUE"""),"CHT-MUI-003") -> CHT-MUI-003 | B52: =IFERROR(__xludf.DUMMYFUNCTION("""COMPUTED_VALUE"""),"Máy ủi KOMATSU D31PX") -> Máy ủi KOMATSU D31PX | C52: =IFERROR(__xludf.DUMMYFUNCTION("""COMPUTED_VALUE"""),"CGTC LP") -> CGTC LP | D52: =IFERROR(__xludf.DUMMYFUNCTION("""COMPUTED_VALUE"""),"KOMATSU") -> KOMATSU | E52: =IFERROR(__xludf.DUMMYFUNCTION("""COMPUTED_VALUE"""),"NHẬT BẢN") -> NHẬT BẢN | F52: =IFERROR(__xludf.DUMMYFUNCTION("""COMPUTED_VALUE"""),2006) -> 2006 | G52: =IFERROR(__xludf.DUMMYFUNCTION("""COMPUTED_VALUE"""),"D31PX-21") -> D31PX-21 | H52: =IFERROR(__xludf.DUMMYFUNCTION("""COMPUTED_VALUE"""),"80HP") -> 80HP | I52: =IFERROR(__xludf.DUMMYFUNCTION("""COMPUTED_VALUE"""),"KMT0D007T01051120") -> KMT0D007T01051120 | J52: =IFERROR(__xludf.DUMMYFUNCTION("""COMPUTED_VALUE"""),"4D10226384955") -> 4D10226384955 | K52: =IFERROR(__xludf.DUMMYFUNCTION("""COMPUTED_VALUE"""),8) -> 8 | L52: =IFERROR(__xludf.DUMMYFUNCTION("""COMPUTED_VALUE"""),"KLH") -> KLH
A53: =IFERROR(__xludf.DUMMYFUNCTION("""COMPUTED_VALUE"""),"CHT-MUI-004") -> CHT-MUI-004 | B53: =IFERROR(__xludf.DUMMYFUNCTION("""COMPUTED_VALUE"""),"Máy ủi KOMATSU D31PX") -> Máy ủi KOMATSU D31PX | C53: =IFERROR(__xludf.DUMMYFUNCTION("""COMPUTED_VALUE"""),"CGTC LP") -> CGTC LP | D53: =IFERROR(__xludf.DUMMYFUNCTION("""COMPUTED_VALUE"""),"KOMATSU") -> KOMATSU | E53: =IFERROR(__xludf.DUMMYFUNCTION("""COMPUTED_VALUE"""),"NHẬT BẢN") -> NHẬT BẢN | F53: =IFERROR(__xludf.DUMMYFUNCTION("""COMPUTED_VALUE"""),2008) -> 2008 | G53: =IFERROR(__xludf.DUMMYFUNCTION("""COMPUTED_VALUE"""),"D31PX-21") -> D31PX-21 | H53: =IFERROR(__xludf.DUMMYFUNCTION("""COMPUTED_VALUE"""),"80HP") -> 80HP | I53: =IFERROR(__xludf.DUMMYFUNCTION("""COMPUTED_VALUE"""),"KMT0D007C01051611") -> KMT0D007C01051611 | J53: =IFERROR(__xludf.DUMMYFUNCTION("""COMPUTED_VALUE"""),"4D10226427091") -> 4D10226427091 | K53: =IFERROR(__xludf.DUMMYFUNCTION("""COMPUTED_VALUE"""),8) -> 8 | L53: =IFERROR(__xludf.DUMMYFUNCTION("""COMPUTED_VALUE"""),"KLH") -> KLH
A54: =IFERROR(__xludf.DUMMYFUNCTION("""COMPUTED_VALUE"""),"CHT-MUI-009") -> CHT-MUI-009 | B54: =IFERROR(__xludf.DUMMYFUNCTION("""COMPUTED_VALUE"""),"Máy ủi KOMATSU D60P") -> Máy ủi KOMATSU D60P | C54: =IFERROR(__xludf.DUMMYFUNCTION("""COMPUTED_VALUE"""),"CGTC LP") -> CGTC LP | D54: =IFERROR(__xludf.DUMMYFUNCTION("""COMPUTED_VALUE"""),"KOMATSU") -> KOMATSU | E54: =IFERROR(__xludf.DUMMYFUNCTION("""COMPUTED_VALUE"""),"NHẬT BẢN") -> NHẬT BẢN | F54: =IFERROR(__xludf.DUMMYFUNCTION("""COMPUTED_VALUE"""),1995) -> 1995 | G54: =IFERROR(__xludf.DUMMYFUNCTION("""COMPUTED_VALUE"""),"D60P") -> D60P | H54: =IFERROR(__xludf.DUMMYFUNCTION("""COMPUTED_VALUE"""),"190HP") -> 190HP | I54: =IFERROR(__xludf.DUMMYFUNCTION("""COMPUTED_VALUE"""),"D60P1261254") -> D60P1261254 | J54: =IFERROR(__xludf.DUMMYFUNCTION("""COMPUTED_VALUE"""),"6D125-30638") -> 6D125-30638 | K54: =IFERROR(__xludf.DUMMYFUNCTION("""COMPUTED_VALUE"""),14) -> 14 | L54: =IFERROR(__xludf.DUMMYFUNCTION("""COMPUTED_VALUE"""),"KLH") -> KLH
A55: =IFERROR(__xludf.DUMMYFUNCTION("""COMPUTED_VALUE"""),"CHT-XLU-003") -> CHT-XLU-003 | B55: =IFERROR(__xludf.DUMMYFUNCTION("""COMPUTED_VALUE"""),"Xe lu rung SV521DH 11 tấn") -> Xe lu rung SV521DH 11 tấn | C55: =IFERROR(__xludf.DUMMYFUNCTION("""COMPUTED_VALUE"""),"CGTC LP") -> CGTC LP | D55: =IFERROR(__xludf.DUMMYFUNCTION("""COMPUTED_VALUE"""),"SAKAI") -> SAKAI | E55: =IFERROR(__xludf.DUMMYFUNCTION("""COMPUTED_VALUE"""),"NHẬT BẢN") -> NHẬT BẢN | F55: =IFERROR(__xludf.DUMMYFUNCTION("""COMPUTED_VALUE"""),2020) -> 2020 | G55: =IFERROR(__xludf.DUMMYFUNCTION("""COMPUTED_VALUE"""),"SV521DH") -> SV521DH | H55: =IFERROR(__xludf.DUMMYFUNCTION("""COMPUTED_VALUE"""),"112HP") -> 112HP | I55: =IFERROR(__xludf.DUMMYFUNCTION("""COMPUTED_VALUE"""),"2SV6610477") -> 2SV6610477 | J55: =IFERROR(__xludf.DUMMYFUNCTION("""COMPUTED_VALUE"""),"133243") -> 133243 | K55: =IFERROR(__xludf.DUMMYFUNCTION("""COMPUTED_VALUE"""),7) -> 7 | L55: =IFERROR(__xludf.DUMMYFUNCTION("""COMPUTED_VALUE"""),"KLH") -> KLH
A56: =IFERROR(__xludf.DUMMYFUNCTION("""COMPUTED_VALUE"""),"CHT-XLU-004") -> CHT-XLU-004 | B56: =IFERROR(__xludf.DUMMYFUNCTION("""COMPUTED_VALUE"""),"Xe lu tĩnh R2 10 tấn") -> Xe lu tĩnh R2 10 tấn | C56: =IFERROR(__xludf.DUMMYFUNCTION("""COMPUTED_VALUE"""),"CGTC LP") -> CGTC LP | D56: =IFERROR(__xludf.DUMMYFUNCTION("""COMPUTED_VALUE"""),"SAKAI") -> SAKAI | E56: =IFERROR(__xludf.DUMMYFUNCTION("""COMPUTED_VALUE"""),"NHẬT BẢN") -> NHẬT BẢN | F56: =IFERROR(__xludf.DUMMYFUNCTION("""COMPUTED_VALUE"""),2000) -> 2000 | G56: =IFERROR(__xludf.DUMMYFUNCTION("""COMPUTED_VALUE"""),"R2") -> R2 | H56: =IFERROR(__xludf.DUMMYFUNCTION("""COMPUTED_VALUE"""),"74HP") -> 74HP | I56: =IFERROR(__xludf.DUMMYFUNCTION("""COMPUTED_VALUE"""),"RR321551") -> RR321551 | J56: =IFERROR(__xludf.DUMMYFUNCTION("""COMPUTED_VALUE"""),"W04DF15218") -> W04DF15218 | K56: =IFERROR(__xludf.DUMMYFUNCTION("""COMPUTED_VALUE"""),4) -> 4 | L56: =IFERROR(__xludf.DUMMYFUNCTION("""COMPUTED_VALUE"""),"KLH") -> KLH
A57: =IFERROR(__xludf.DUMMYFUNCTION("""COMPUTED_VALUE"""),"CHT-XTA-004") -> CHT-XTA-004 | B57: =IFERROR(__xludf.DUMMYFUNCTION("""COMPUTED_VALUE"""),"Xe ben FD140") -> Xe ben FD140 | C57: =IFERROR(__xludf.DUMMYFUNCTION("""COMPUTED_VALUE"""),"CGTC LP") -> CGTC LP | D57: =IFERROR(__xludf.DUMMYFUNCTION("""COMPUTED_VALUE"""),"THACO FORLAND") -> THACO FORLAND | E57: =IFERROR(__xludf.DUMMYFUNCTION("""COMPUTED_VALUE"""),"VIỆT NAM") -> VIỆT NAM | F57: =IFERROR(__xludf.DUMMYFUNCTION("""COMPUTED_VALUE"""),2020) -> 2020 | G57: =IFERROR(__xludf.DUMMYFUNCTION("""COMPUTED_VALUE"""),"FD140-8T") -> FD140-8T | H57: =IFERROR(__xludf.DUMMYFUNCTION("""COMPUTED_VALUE"""),"140HP") -> 140HP | I57: =IFERROR(__xludf.DUMMYFUNCTION("""COMPUTED_VALUE"""),"RNHF14FYALT024045") -> RNHF14FYALT024045 | J57: =IFERROR(__xludf.DUMMYFUNCTION("""COMPUTED_VALUE"""),"YC4D140-48D59M1J20731") -> YC4D140-48D59M1J20731 | K57: =IFERROR(__xludf.DUMMYFUNCTION("""COMPUTED_VALUE"""),5.7) -> 5.7 | L57: =IFERROR(__xludf.DUMMYFUNCTION("""COMPUTED_VALUE"""),"KLH") -> KLH
A58: =IFERROR(__xludf.DUMMYFUNCTION("""COMPUTED_VALUE"""),"CHT-XTA-005") -> CHT-XTA-005 | B58: =IFERROR(__xludf.DUMMYFUNCTION("""COMPUTED_VALUE"""),"Xe ben FD850") -> Xe ben FD850 | C58: =IFERROR(__xludf.DUMMYFUNCTION("""COMPUTED_VALUE"""),"CGTC LP") -> CGTC LP | D58: =IFERROR(__xludf.DUMMYFUNCTION("""COMPUTED_VALUE"""),"THACO FORLAND") -> THACO FORLAND | E58: =IFERROR(__xludf.DUMMYFUNCTION("""COMPUTED_VALUE"""),"VIỆT NAM") -> VIỆT NAM | F58: =IFERROR(__xludf.DUMMYFUNCTION("""COMPUTED_VALUE"""),2020) -> 2020 | G58: =IFERROR(__xludf.DUMMYFUNCTION("""COMPUTED_VALUE"""),"FD850-5T") -> FD850-5T | H58: =IFERROR(__xludf.DUMMYFUNCTION("""COMPUTED_VALUE"""),"140HP") -> 140HP | I58: =IFERROR(__xludf.DUMMYFUNCTION("""COMPUTED_VALUE"""),"RNHF14FYALC008840") -> RNHF14FYALC008840 | J58: =IFERROR(__xludf.DUMMYFUNCTION("""COMPUTED_VALUE"""),"D59M1J20132") -> D59M1J20132 | K58: =IFERROR(__xludf.DUMMYFUNCTION("""COMPUTED_VALUE"""),6) -> 6 | L58: =IFERROR(__xludf.DUMMYFUNCTION("""COMPUTED_VALUE"""),"KLH") -> KLH
A59: =IFERROR(__xludf.DUMMYFUNCTION("""COMPUTED_VALUE"""),"CHT-XTA-017") -> CHT-XTA-017 | B59: =IFERROR(__xludf.DUMMYFUNCTION("""COMPUTED_VALUE"""),"Xe ben AUMAN GTL D300 E4") -> Xe ben AUMAN GTL D300 E4 | C59: =IFERROR(__xludf.DUMMYFUNCTION("""COMPUTED_VALUE"""),"CGTC LP") -> CGTC LP | D59: =IFERROR(__xludf.DUMMYFUNCTION("""COMPUTED_VALUE"""),"THACO AUMAN") -> THACO AUMAN | E59: =IFERROR(__xludf.DUMMYFUNCTION("""COMPUTED_VALUE"""),"VIỆT NAM") -> VIỆT NAM | F59: =IFERROR(__xludf.DUMMYFUNCTION("""COMPUTED_VALUE"""),2018) -> 2018 | G59: =IFERROR(__xludf.DUMMYFUNCTION("""COMPUTED_VALUE"""),"GTL D300E4") -> GTL D300E4 | H59: =IFERROR(__xludf.DUMMYFUNCTION("""COMPUTED_VALUE"""),"375HP") -> 375HP | I59: =IFERROR(__xludf.DUMMYFUNCTION("""COMPUTED_VALUE"""),"RNHD30FWAJCO078095") -> RNHD30FWAJCO078095 | J59: =IFERROR(__xludf.DUMMYFUNCTION("""COMPUTED_VALUE"""),"WP10375E431618A009923") -> WP10375E431618A009923 | K59: =IFERROR(__xludf.DUMMYFUNCTION("""COMPUTED_VALUE"""),1.41) -> 1.41 | L59: =IFERROR(__xludf.DUMMYFUNCTION("""COMPUTED_VALUE"""),"KLH") -> KLH
A60: =IFERROR(__xludf.DUMMYFUNCTION("""COMPUTED_VALUE"""),"CHT-XTA-028") -> CHT-XTA-028 | B60: =IFERROR(__xludf.DUMMYFUNCTION("""COMPUTED_VALUE"""),"Xe ben HOWO TXD600") -> Xe ben HOWO TXD600 | C60: =IFERROR(__xludf.DUMMYFUNCTION("""COMPUTED_VALUE"""),"CGTC LP") -> CGTC LP | D60: =IFERROR(__xludf.DUMMYFUNCTION("""COMPUTED_VALUE"""),"HOWO") -> HOWO | E60: =IFERROR(__xludf.DUMMYFUNCTION("""COMPUTED_VALUE"""),"VIỆT NAM") -> VIỆT NAM | F60: =IFERROR(__xludf.DUMMYFUNCTION("""COMPUTED_VALUE"""),2022) -> 2022 | G60: =IFERROR(__xludf.DUMMYFUNCTION("""COMPUTED_VALUE"""),"HOWO TX D600") -> HOWO TX D600 | H60: =IFERROR(__xludf.DUMMYFUNCTION("""COMPUTED_VALUE"""),"380HP") -> 380HP | I60: =IFERROR(__xludf.DUMMYFUNCTION("""COMPUTED_VALUE"""),"RNHD24CWANT063483") -> RNHD24CWANT063483 | J60: =IFERROR(__xludf.DUMMYFUNCTION("""COMPUTED_VALUE"""),"1622D017391") -> 1622D017391 | K60: =IFERROR(__xludf.DUMMYFUNCTION("""COMPUTED_VALUE"""),1.34) -> 1.34 | L60: =IFERROR(__xludf.DUMMYFUNCTION("""COMPUTED_VALUE"""),"KLH") -> KLH
A61: =IFERROR(__xludf.DUMMYFUNCTION("""COMPUTED_VALUE"""),"CHT-XTA-029") -> CHT-XTA-029 | B61: =IFERROR(__xludf.DUMMYFUNCTION("""COMPUTED_VALUE"""),"Xe ben HOWO TXD600") -> Xe ben HOWO TXD600 | C61: =IFERROR(__xludf.DUMMYFUNCTION("""COMPUTED_VALUE"""),"CGTC LP") -> CGTC LP | D61: =IFERROR(__xludf.DUMMYFUNCTION("""COMPUTED_VALUE"""),"HOWO") -> HOWO | E61: =IFERROR(__xludf.DUMMYFUNCTION("""COMPUTED_VALUE"""),"VIỆT NAM") -> VIỆT NAM | F61: =IFERROR(__xludf.DUMMYFUNCTION("""COMPUTED_VALUE"""),2022) -> 2022 | G61: =IFERROR(__xludf.DUMMYFUNCTION("""COMPUTED_VALUE"""),"HOWO TX D600") -> HOWO TX D600 | H61: =IFERROR(__xludf.DUMMYFUNCTION("""COMPUTED_VALUE"""),"380HP") -> 380HP | I61: =IFERROR(__xludf.DUMMYFUNCTION("""COMPUTED_VALUE"""),"RNHD24CWANT063484") -> RNHD24CWANT063484 | J61: =IFERROR(__xludf.DUMMYFUNCTION("""COMPUTED_VALUE"""),"1622D017399") -> 1622D017399 | K61: =IFERROR(__xludf.DUMMYFUNCTION("""COMPUTED_VALUE"""),1.34) -> 1.34 | L61: =IFERROR(__xludf.DUMMYFUNCTION("""COMPUTED_VALUE"""),"KLH") -> KLH
A62: =IFERROR(__xludf.DUMMYFUNCTION("""COMPUTED_VALUE"""),"CHT-MĐA-013") -> CHT-MĐA-013 | B62: =IFERROR(__xludf.DUMMYFUNCTION("""COMPUTED_VALUE"""),"Máy đào SH210 bánh xích gàu 0.9m3") -> Máy đào SH210 bánh xích gàu 0.9m3 | C62: =IFERROR(__xludf.DUMMYFUNCTION("""COMPUTED_VALUE"""),"CGTC LP") -> CGTC LP | D62: =IFERROR(__xludf.DUMMYFUNCTION("""COMPUTED_VALUE"""),"SUMITOMO") -> SUMITOMO | E62: =IFERROR(__xludf.DUMMYFUNCTION("""COMPUTED_VALUE"""),"NHẬT BẢN") -> NHẬT BẢN | F62: =IFERROR(__xludf.DUMMYFUNCTION("""COMPUTED_VALUE"""),2020) -> 2020 | G62: =IFERROR(__xludf.DUMMYFUNCTION("""COMPUTED_VALUE"""),"SH210-6") -> SH210-6 | H62: =IFERROR(__xludf.DUMMYFUNCTION("""COMPUTED_VALUE"""),"156HP") -> 156HP | I62: =IFERROR(__xludf.DUMMYFUNCTION("""COMPUTED_VALUE"""),"STN210T6V00BH2623") -> STN210T6V00BH2623 | J62: =IFERROR(__xludf.DUMMYFUNCTION("""COMPUTED_VALUE"""),"800391") -> 800391 | K62: =IFERROR(__xludf.DUMMYFUNCTION("""COMPUTED_VALUE"""),15) -> 15 | L62: =IFERROR(__xludf.DUMMYFUNCTION("""COMPUTED_VALUE"""),"KLH") -> KLH
A63: =IFERROR(__xludf.DUMMYFUNCTION("""COMPUTED_VALUE"""),"CHT-MĐA-014") -> CHT-MĐA-014 | B63: =IFERROR(__xludf.DUMMYFUNCTION("""COMPUTED_VALUE"""),"Máy đào SH130 bánh xích gàu 0.5m3") -> Máy đào SH130 bánh xích gàu 0.5m3 | C63: =IFERROR(__xludf.DUMMYFUNCTION("""COMPUTED_VALUE"""),"CGTC LP") -> CGTC LP | D63: =IFERROR(__xludf.DUMMYFUNCTION("""COMPUTED_VALUE"""),"SUMITOMO") -> SUMITOMO | E63: =IFERROR(__xludf.DUMMYFUNCTION("""COMPUTED_VALUE"""),"NHẬT BẢN") -> NHẬT BẢN | F63: =IFERROR(__xludf.DUMMYFUNCTION("""COMPUTED_VALUE"""),2019) -> 2019 | G63: =IFERROR(__xludf.DUMMYFUNCTION("""COMPUTED_VALUE"""),"SH130-6") -> SH130-6 | H63: =IFERROR(__xludf.DUMMYFUNCTION("""COMPUTED_VALUE"""),"96HP") -> 96HP | I63: =IFERROR(__xludf.DUMMYFUNCTION("""COMPUTED_VALUE"""),"STN130T6V00BH1607") -> STN130T6V00BH1607 | J63: =IFERROR(__xludf.DUMMYFUNCTION("""COMPUTED_VALUE"""),"2757064JJ1") -> 2757064JJ1 | K63: =IFERROR(__xludf.DUMMYFUNCTION("""COMPUTED_VALUE"""),12) -> 12 | L63: =IFERROR(__xludf.DUMMYFUNCTION("""COMPUTED_VALUE"""),"KLH") -> KLH
A64: =IFERROR(__xludf.DUMMYFUNCTION("""COMPUTED_VALUE"""),"CHT-MĐA-015") -> CHT-MĐA-015 | B64: =IFERROR(__xludf.DUMMYFUNCTION("""COMPUTED_VALUE"""),"Máy đào DX140W bánh lốp gàu 0.7m3") -> Máy đào DX140W bánh lốp gàu 0.7m3 | C64: =IFERROR(__xludf.DUMMYFUNCTION("""COMPUTED_VALUE"""),"CGTC LP") -> CGTC LP | D64: =IFERROR(__xludf.DUMMYFUNCTION("""COMPUTED_VALUE"""),"DOOSAN") -> DOOSAN | E64: =IFERROR(__xludf.DUMMYFUNCTION("""COMPUTED_VALUE"""),"HÀN QUỐC") -> HÀN QUỐC | F64: =IFERROR(__xludf.DUMMYFUNCTION("""COMPUTED_VALUE"""),2020) -> 2020 | G64: =IFERROR(__xludf.DUMMYFUNCTION("""COMPUTED_VALUE"""),"DX140W") -> DX140W | H64: =IFERROR(__xludf.DUMMYFUNCTION("""COMPUTED_VALUE"""),"133HP") -> 133HP | I64: =IFERROR(__xludf.DUMMYFUNCTION("""COMPUTED_VALUE"""),"DHKCEWAAHL5008817") -> DHKCEWAAHL5008817 | J64: =IFERROR(__xludf.DUMMYFUNCTION("""COMPUTED_VALUE"""),"DB58TIS039588EJ") -> DB58TIS039588EJ | K64: =IFERROR(__xludf.DUMMYFUNCTION("""COMPUTED_VALUE"""),10) -> 10 | L64: =IFERROR(__xludf.DUMMYFUNCTION("""COMPUTED_VALUE"""),"KLH") -> KLH
A65: =IFERROR(__xludf.DUMMYFUNCTION("""COMPUTED_VALUE"""),"CHT-MĐA-016") -> CHT-MĐA-016 | B65: =IFERROR(__xludf.DUMMYFUNCTION("""COMPUTED_VALUE"""),"Máy đào DX140W bánh lốp gàu 0.7m3") -> Máy đào DX140W bánh lốp gàu 0.7m3 | C65: =IFERROR(__xludf.DUMMYFUNCTION("""COMPUTED_VALUE"""),"CGTC LP") -> CGTC LP | D65: =IFERROR(__xludf.DUMMYFUNCTION("""COMPUTED_VALUE"""),"DOOSAN") -> DOOSAN | E65: =IFERROR(__xludf.DUMMYFUNCTION("""COMPUTED_VALUE"""),"HÀN QUỐC") -> HÀN QUỐC | F65: =IFERROR(__xludf.DUMMYFUNCTION("""COMPUTED_VALUE"""),2020) -> 2020 | G65: =IFERROR(__xludf.DUMMYFUNCTION("""COMPUTED_VALUE"""),"DX140W") -> DX140W | H65: =IFERROR(__xludf.DUMMYFUNCTION("""COMPUTED_VALUE"""),"133HP") -> 133HP | I65: =IFERROR(__xludf.DUMMYFUNCTION("""COMPUTED_VALUE"""),"DHKCEWAAHL5008818") -> DHKCEWAAHL5008818 | J65: =IFERROR(__xludf.DUMMYFUNCTION("""COMPUTED_VALUE"""),"DB58TIS039734EJ") -> DB58TIS039734EJ | K65: =IFERROR(__xludf.DUMMYFUNCTION("""COMPUTED_VALUE"""),10) -> 10 | L65: =IFERROR(__xludf.DUMMYFUNCTION("""COMPUTED_VALUE"""),"KLH") -> KLH
A66: =IFERROR(__xludf.DUMMYFUNCTION("""COMPUTED_VALUE"""),"XL3-MĐA-002") -> XL3-MĐA-002 | B66: =IFERROR(__xludf.DUMMYFUNCTION("""COMPUTED_VALUE"""),"Máy đào U35 bánh xích gàu 0.3m3") -> Máy đào U35 bánh xích gàu 0.3m3 | C66: =IFERROR(__xludf.DUMMYFUNCTION("""COMPUTED_VALUE"""),"CGTC LP") -> CGTC LP | D66: =IFERROR(__xludf.DUMMYFUNCTION("""COMPUTED_VALUE"""),"KUBOTA") -> KUBOTA | E66: =IFERROR(__xludf.DUMMYFUNCTION("""COMPUTED_VALUE"""),"NHẬT BẢN") -> NHẬT BẢN | F66: =IFERROR(__xludf.DUMMYFUNCTION("""COMPUTED_VALUE"""),2015) -> 2015 | G66: =IFERROR(__xludf.DUMMYFUNCTION("""COMPUTED_VALUE"""),"U35-6") -> U35-6 | H66: =IFERROR(__xludf.DUMMYFUNCTION("""COMPUTED_VALUE"""),"32HP") -> 32HP | I66: =IFERROR(__xludf.DUMMYFUNCTION("""COMPUTED_VALUE"""),"60432") -> 60432 | J66: =IFERROR(__xludf.DUMMYFUNCTION("""COMPUTED_VALUE"""),"CCN") -> CCN | K66: =IFERROR(__xludf.DUMMYFUNCTION("""COMPUTED_VALUE"""),4) -> 4 | L66: =IFERROR(__xludf.DUMMYFUNCTION("""COMPUTED_VALUE"""),"KLH") -> KLH
A67: =IFERROR(__xludf.DUMMYFUNCTION("""COMPUTED_VALUE"""),"XL4-MĐA-001") -> XL4-MĐA-001 | B67: =IFERROR(__xludf.DUMMYFUNCTION("""COMPUTED_VALUE"""),"Máy đào KOMATSU bánh xích gàu 0.3m3") -> Máy đào KOMATSU bánh xích gàu 0.3m3 | C67: =IFERROR(__xludf.DUMMYFUNCTION("""COMPUTED_VALUE"""),"CGTC LP") -> CGTC LP | D67: =IFERROR(__xludf.DUMMYFUNCTION("""COMPUTED_VALUE"""),"KOMATSU") -> KOMATSU | E67: =IFERROR(__xludf.DUMMYFUNCTION("""COMPUTED_VALUE"""),"NHẬT BẢN") -> NHẬT BẢN | F67: =IFERROR(__xludf.DUMMYFUNCTION("""COMPUTED_VALUE"""),2006) -> 2006 | G67: =IFERROR(__xludf.DUMMYFUNCTION("""COMPUTED_VALUE"""),"PC40-MR") -> PC40-MR | H67: =IFERROR(__xludf.DUMMYFUNCTION("""COMPUTED_VALUE"""),"39HP") -> 39HP | I67: =IFERROR(__xludf.DUMMYFUNCTION("""COMPUTED_VALUE"""),"9101") -> 9101 | J67: =IFERROR(__xludf.DUMMYFUNCTION("""COMPUTED_VALUE"""),"CCN") -> CCN | K67: =IFERROR(__xludf.DUMMYFUNCTION("""COMPUTED_VALUE"""),4) -> 4 | L67: =IFERROR(__xludf.DUMMYFUNCTION("""COMPUTED_VALUE"""),"KLH") -> KLH
A68: =IFERROR(__xludf.DUMMYFUNCTION("""COMPUTED_VALUE"""),"CHT-XTA-032") -> CHT-XTA-032 | B68: =IFERROR(__xludf.DUMMYFUNCTION("""COMPUTED_VALUE"""),"Xe ben FD150") -> Xe ben FD150 | C68: =IFERROR(__xludf.DUMMYFUNCTION("""COMPUTED_VALUE"""),"CGTC LP") -> CGTC LP | D68: =IFERROR(__xludf.DUMMYFUNCTION("""COMPUTED_VALUE"""),"FORLAND") -> FORLAND | E68: =IFERROR(__xludf.DUMMYFUNCTION("""COMPUTED_VALUE"""),"VIỆT NAM") -> VIỆT NAM | F68: =IFERROR(__xludf.DUMMYFUNCTION("""COMPUTED_VALUE"""),2024) -> 2024 | G68: =IFERROR(__xludf.DUMMYFUNCTION("""COMPUTED_VALUE"""),"FD150-4WD") -> FD150-4WD | H68: =IFERROR(__xludf.DUMMYFUNCTION("""COMPUTED_VALUE"""),"150HP") -> 150HP | I68: =IFERROR(__xludf.DUMMYFUNCTION("""COMPUTED_VALUE"""),"RNHF16FYART000830") -> RNHF16FYART000830 | J68: =IFERROR(__xludf.DUMMYFUNCTION("""COMPUTED_VALUE"""),"D59M1N01292") -> D59M1N01292 | K68: =IFERROR(__xludf.DUMMYFUNCTION("""COMPUTED_VALUE"""),1) -> 1 | L68: =IFERROR(__xludf.DUMMYFUNCTION("""COMPUTED_VALUE"""),"KLH") -> KLH
A69: =IFERROR(__xludf.DUMMYFUNCTION("""COMPUTED_VALUE"""),"CHT-XTA-033") -> CHT-XTA-033 | B69: =IFERROR(__xludf.DUMMYFUNCTION("""COMPUTED_VALUE"""),"Xe ben FD150") -> Xe ben FD150 | C69: =IFERROR(__xludf.DUMMYFUNCTION("""COMPUTED_VALUE"""),"CGTC LP") -> CGTC LP | D69: =IFERROR(__xludf.DUMMYFUNCTION("""COMPUTED_VALUE"""),"FORLAND") -> FORLAND | E69: =IFERROR(__xludf.DUMMYFUNCTION("""COMPUTED_VALUE"""),"VIỆT NAM") -> VIỆT NAM | F69: =IFERROR(__xludf.DUMMYFUNCTION("""COMPUTED_VALUE"""),2024) -> 2024 | G69: =IFERROR(__xludf.DUMMYFUNCTION("""COMPUTED_VALUE"""),"FD150-4WD") -> FD150-4WD | H69: =IFERROR(__xludf.DUMMYFUNCTION("""COMPUTED_VALUE"""),"150HP") -> 150HP | I69: =IFERROR(__xludf.DUMMYFUNCTION("""COMPUTED_VALUE"""),"RNHF16FYART000831") -> RNHF16FYART000831 | J69: =IFERROR(__xludf.DUMMYFUNCTION("""COMPUTED_VALUE"""),"D59M1N01308") -> D59M1N01308 | K69: =IFERROR(__xludf.DUMMYFUNCTION("""COMPUTED_VALUE"""),1) -> 1 | L69: =IFERROR(__xludf.DUMMYFUNCTION("""COMPUTED_VALUE"""),"KLH") -> KLH
A70: =IFERROR(__xludf.DUMMYFUNCTION("""COMPUTED_VALUE"""),"CHT-XTA-041") -> CHT-XTA-041 | B70: =IFERROR(__xludf.DUMMYFUNCTION("""COMPUTED_VALUE"""),"Xe ben FC150") -> Xe ben FC150 | C70: =IFERROR(__xludf.DUMMYFUNCTION("""COMPUTED_VALUE"""),"CGTC LP") -> CGTC LP | D70: =IFERROR(__xludf.DUMMYFUNCTION("""COMPUTED_VALUE"""),"FORLAND") -> FORLAND | E70: =IFERROR(__xludf.DUMMYFUNCTION("""COMPUTED_VALUE"""),"VIỆT NAM") -> VIỆT NAM | F70: =IFERROR(__xludf.DUMMYFUNCTION("""COMPUTED_VALUE"""),2024) -> 2024 | G70: =IFERROR(__xludf.DUMMYFUNCTION("""COMPUTED_VALUE"""),"FC150-4WD") -> FC150-4WD | H70: =IFERROR(__xludf.DUMMYFUNCTION("""COMPUTED_VALUE"""),"150HP") -> 150HP | I70: =IFERROR(__xludf.DUMMYFUNCTION("""COMPUTED_VALUE"""),"RNHF16FYBRT000136") -> RNHF16FYBRT000136 | J70: =IFERROR(__xludf.DUMMYFUNCTION("""COMPUTED_VALUE"""),"D59M1N01094") -> D59M1N01094 | K70: =IFERROR(__xludf.DUMMYFUNCTION("""COMPUTED_VALUE"""),1) -> 1 | L70: =IFERROR(__xludf.DUMMYFUNCTION("""COMPUTED_VALUE"""),"KLH") -> KLH
A71: =IFERROR(__xludf.DUMMYFUNCTION("""COMPUTED_VALUE"""),"CHT-XTA-042") -> CHT-XTA-042 | B71: =IFERROR(__xludf.DUMMYFUNCTION("""COMPUTED_VALUE"""),"Xe ben FC150") -> Xe ben FC150 | C71: =IFERROR(__xludf.DUMMYFUNCTION("""COMPUTED_VALUE"""),"CGTC LP") -> CGTC LP | D71: =IFERROR(__xludf.DUMMYFUNCTION("""COMPUTED_VALUE"""),"FORLAND") -> FORLAND | E71: =IFERROR(__xludf.DUMMYFUNCTION("""COMPUTED_VALUE"""),"VIỆT NAM") -> VIỆT NAM | F71: =IFERROR(__xludf.DUMMYFUNCTION("""COMPUTED_VALUE"""),2024) -> 2024 | G71: =IFERROR(__xludf.DUMMYFUNCTION("""COMPUTED_VALUE"""),"FC150-4WD") -> FC150-4WD | H71: =IFERROR(__xludf.DUMMYFUNCTION("""COMPUTED_VALUE"""),"150HP") -> 150HP | I71: =IFERROR(__xludf.DUMMYFUNCTION("""COMPUTED_VALUE"""),"RNHF16FYBRT000137") -> RNHF16FYBRT000137 | J71: =IFERROR(__xludf.DUMMYFUNCTION("""COMPUTED_VALUE"""),"D59M1N01095") -> D59M1N01095 | K71: =IFERROR(__xludf.DUMMYFUNCTION("""COMPUTED_VALUE"""),1) -> 1 | L71: =IFERROR(__xludf.DUMMYFUNCTION("""COMPUTED_VALUE"""),"KLH") -> KLH
A72: =IFERROR(__xludf.DUMMYFUNCTION("""COMPUTED_VALUE"""),"CHT-XTA-043") -> CHT-XTA-043 | B72: =IFERROR(__xludf.DUMMYFUNCTION("""COMPUTED_VALUE"""),"Xe ben FC150") -> Xe ben FC150 | C72: =IFERROR(__xludf.DUMMYFUNCTION("""COMPUTED_VALUE"""),"CGTC LP") -> CGTC LP | D72: =IFERROR(__xludf.DUMMYFUNCTION("""COMPUTED_VALUE"""),"FORLAND") -> FORLAND | E72: =IFERROR(__xludf.DUMMYFUNCTION("""COMPUTED_VALUE"""),"VIỆT NAM") -> VIỆT NAM | F72: =IFERROR(__xludf.DUMMYFUNCTION("""COMPUTED_VALUE"""),2024) -> 2024 | G72: =IFERROR(__xludf.DUMMYFUNCTION("""COMPUTED_VALUE"""),"FC150-4WD") -> FC150-4WD | H72: =IFERROR(__xludf.DUMMYFUNCTION("""COMPUTED_VALUE"""),"150HP") -> 150HP | I72: =IFERROR(__xludf.DUMMYFUNCTION("""COMPUTED_VALUE"""),"RNHF16FYBRT000138") -> RNHF16FYBRT000138 | J72: =IFERROR(__xludf.DUMMYFUNCTION("""COMPUTED_VALUE"""),"D59M1N01096") -> D59M1N01096 | K72: =IFERROR(__xludf.DUMMYFUNCTION("""COMPUTED_VALUE"""),1) -> 1 | L72: =IFERROR(__xludf.DUMMYFUNCTION("""COMPUTED_VALUE"""),"KLH") -> KLH
A73: =IFERROR(__xludf.DUMMYFUNCTION("""COMPUTED_VALUE"""),"CHT-MĐA-074") -> CHT-MĐA-074 | B73: =IFERROR(__xludf.DUMMYFUNCTION("""COMPUTED_VALUE"""),"Máy đào KOMATSU bánh xích gàu 0.8m3") -> Máy đào KOMATSU bánh xích gàu 0.8m3 | C73: =IFERROR(__xludf.DUMMYFUNCTION("""COMPUTED_VALUE"""),"CGTC LP") -> CGTC LP | D73: =IFERROR(__xludf.DUMMYFUNCTION("""COMPUTED_VALUE"""),"KOMATSU") -> KOMATSU | E73: =IFERROR(__xludf.DUMMYFUNCTION("""COMPUTED_VALUE"""),"NHẬT BẢN") -> NHẬT BẢN | F73: =IFERROR(__xludf.DUMMYFUNCTION("""COMPUTED_VALUE"""),2010) -> 2010 | G73: =IFERROR(__xludf.DUMMYFUNCTION("""COMPUTED_VALUE"""),"PC200-8N1") -> PC200-8N1 | H73: =IFERROR(__xludf.DUMMYFUNCTION("""COMPUTED_VALUE"""),"145HP") -> 145HP | I73: =IFERROR(__xludf.DUMMYFUNCTION("""COMPUTED_VALUE"""),"KMTPC197A02351172") -> KMTPC197A02351172 | J73: =IFERROR(__xludf.DUMMYFUNCTION("""COMPUTED_VALUE"""),"6D10726567400") -> 6D10726567400 | K73: =IFERROR(__xludf.DUMMYFUNCTION("""COMPUTED_VALUE"""),14) -> 14 | L73: =IFERROR(__xludf.DUMMYFUNCTION("""COMPUTED_VALUE"""),"KLH") -> KLH
A74: =IFERROR(__xludf.DUMMYFUNCTION("""COMPUTED_VALUE"""),"CHT-XLU-011") -> CHT-XLU-011 | B74: =IFERROR(__xludf.DUMMYFUNCTION("""COMPUTED_VALUE"""),"Xe lu rung Sakai 3.5 tấn") -> Xe lu rung Sakai 3.5 tấn | C74: =IFERROR(__xludf.DUMMYFUNCTION("""COMPUTED_VALUE"""),"CGTC LP") -> CGTC LP | D74: =IFERROR(__xludf.DUMMYFUNCTION("""COMPUTED_VALUE"""),"SAKAI") -> SAKAI | E74: =IFERROR(__xludf.DUMMYFUNCTION("""COMPUTED_VALUE"""),"NHẬT BẢN") -> NHẬT BẢN | F74: =IFERROR(__xludf.DUMMYFUNCTION("""COMPUTED_VALUE"""),2004) -> 2004 | G74: =IFERROR(__xludf.DUMMYFUNCTION("""COMPUTED_VALUE"""),"TW500W‑1") -> TW500W‑1 | H74: =IFERROR(__xludf.DUMMYFUNCTION("""COMPUTED_VALUE"""),"39HP") -> 39HP | I74: =IFERROR(__xludf.DUMMYFUNCTION("""COMPUTED_VALUE"""),"VTW1521818") -> VTW1521818 | J74: =IFERROR(__xludf.DUMMYFUNCTION("""COMPUTED_VALUE"""),"166376") -> 166376 | K74: =IFERROR(__xludf.DUMMYFUNCTION("""COMPUTED_VALUE"""),2.5) -> 2.5 | L74: =IFERROR(__xludf.DUMMYFUNCTION("""COMPUTED_VALUE"""),"KLH") -> KLH
A75: =IFERROR(__xludf.DUMMYFUNCTION("""COMPUTED_VALUE"""),"CHT-MĐA-077") -> CHT-MĐA-077 | B75: =IFERROR(__xludf.DUMMYFUNCTION("""COMPUTED_VALUE"""),"Máy đào KOMATSU bánh lốp gàu 0.7m3") -> Máy đào KOMATSU bánh lốp gàu 0.7m3 | C75: =IFERROR(__xludf.DUMMYFUNCTION("""COMPUTED_VALUE"""),"CGTC LP") -> CGTC LP | D75: =IFERROR(__xludf.DUMMYFUNCTION("""COMPUTED_VALUE"""),"KOMATSU") -> KOMATSU | E75: =IFERROR(__xludf.DUMMYFUNCTION("""COMPUTED_VALUE"""),"NHẬT BẢN") -> NHẬT BẢN | F75: =IFERROR(__xludf.DUMMYFUNCTION("""COMPUTED_VALUE"""),1990) -> 1990 | G75: =IFERROR(__xludf.DUMMYFUNCTION("""COMPUTED_VALUE"""),"PW200-1") -> PW200-1 | H75: =IFERROR(__xludf.DUMMYFUNCTION("""COMPUTED_VALUE"""),"115HP") -> 115HP | I75: =IFERROR(__xludf.DUMMYFUNCTION("""COMPUTED_VALUE"""),"PW200110186") -> PW200110186 | J75: =IFERROR(__xludf.DUMMYFUNCTION("""COMPUTED_VALUE"""),"6D105121806") -> 6D105121806 | K75: =IFERROR(__xludf.DUMMYFUNCTION("""COMPUTED_VALUE"""),10) -> 10 | L75: =IFERROR(__xludf.DUMMYFUNCTION("""COMPUTED_VALUE"""),"KLH") -> KLH
A76: =IFERROR(__xludf.DUMMYFUNCTION("""COMPUTED_VALUE"""),"CHT-MUI-014") -> CHT-MUI-014 | B76: =IFERROR(__xludf.DUMMYFUNCTION("""COMPUTED_VALUE"""),"Máy ủi KOMATSU D31PX-21") -> Máy ủi KOMATSU D31PX-21 | C76: =IFERROR(__xludf.DUMMYFUNCTION("""COMPUTED_VALUE"""),"CGTC LP") -> CGTC LP | D76: =IFERROR(__xludf.DUMMYFUNCTION("""COMPUTED_VALUE"""),"KOMATSU") -> KOMATSU | E76: =IFERROR(__xludf.DUMMYFUNCTION("""COMPUTED_VALUE"""),"Nhật Bản") -> Nhật Bản | F76: =IFERROR(__xludf.DUMMYFUNCTION("""COMPUTED_VALUE"""),2006) -> 2006 | G76: =IFERROR(__xludf.DUMMYFUNCTION("""COMPUTED_VALUE"""),"D31PX-21") -> D31PX-21 | H76: =IFERROR(__xludf.DUMMYFUNCTION("""COMPUTED_VALUE"""),"78HP") -> 78HP | I76: =IFERROR(__xludf.DUMMYFUNCTION("""COMPUTED_VALUE"""),"KMT0D007J01051638") -> KMT0D007J01051638 | J76: =IFERROR(__xludf.DUMMYFUNCTION("""COMPUTED_VALUE"""),"4D10226430130") -> 4D10226430130 | K76: =IFERROR(__xludf.DUMMYFUNCTION("""COMPUTED_VALUE"""),8) -> 8 | L76: =IFERROR(__xludf.DUMMYFUNCTION("""COMPUTED_VALUE"""),"KLH") -> KLH
A77: =IFERROR(__xludf.DUMMYFUNCTION("""COMPUTED_VALUE"""),"Cơ giới thi công AD") -> Cơ giới thi công AD | L77: =IFERROR(__xludf.DUMMYFUNCTION("""COMPUTED_VALUE"""),"KLH") -> KLH
A78: =IFERROR(__xludf.DUMMYFUNCTION("""COMPUTED_VALUE"""),"CHT-BAN-004") -> CHT-BAN-004 | B78: =IFERROR(__xludf.DUMMYFUNCTION("""COMPUTED_VALUE"""),"Xe ban KOMATSU GD605A") -> Xe ban KOMATSU GD605A | C78: =IFERROR(__xludf.DUMMYFUNCTION("""COMPUTED_VALUE"""),"CGTC AD") -> CGTC AD | D78: =IFERROR(__xludf.DUMMYFUNCTION("""COMPUTED_VALUE"""),"KOMATSU") -> KOMATSU | E78: =IFERROR(__xludf.DUMMYFUNCTION("""COMPUTED_VALUE"""),"NHẬT BẢN") -> NHẬT BẢN | F78: =IFERROR(__xludf.DUMMYFUNCTION("""COMPUTED_VALUE"""),1995) -> 1995 | G78: =IFERROR(__xludf.DUMMYFUNCTION("""COMPUTED_VALUE"""),"GD605A-5") -> GD605A-5 | H78: =IFERROR(__xludf.DUMMYFUNCTION("""COMPUTED_VALUE"""),"145HP") -> 145HP | I78: =IFERROR(__xludf.DUMMYFUNCTION("""COMPUTED_VALUE"""),"G60A54058") -> G60A54058 | J78: =IFERROR(__xludf.DUMMYFUNCTION("""COMPUTED_VALUE"""),"6D12532782") -> 6D12532782 | K78: =IFERROR(__xludf.DUMMYFUNCTION("""COMPUTED_VALUE"""),9.3) -> 9.3 | L78: =IFERROR(__xludf.DUMMYFUNCTION("""COMPUTED_VALUE"""),"KLH") -> KLH
A79: =IFERROR(__xludf.DUMMYFUNCTION("""COMPUTED_VALUE"""),"CHT-MUI-005") -> CHT-MUI-005 | B79: =IFERROR(__xludf.DUMMYFUNCTION("""COMPUTED_VALUE"""),"Máy ủi KOMATSU D31PX") -> Máy ủi KOMATSU D31PX | C79: =IFERROR(__xludf.DUMMYFUNCTION("""COMPUTED_VALUE"""),"CGTC AD") -> CGTC AD | D79: =IFERROR(__xludf.DUMMYFUNCTION("""COMPUTED_VALUE"""),"KOMATSU") -> KOMATSU | E79: =IFERROR(__xludf.DUMMYFUNCTION("""COMPUTED_VALUE"""),"NHẬT BẢN") -> NHẬT BẢN | F79: =IFERROR(__xludf.DUMMYFUNCTION("""COMPUTED_VALUE"""),2005) -> 2005 | G79: =IFERROR(__xludf.DUMMYFUNCTION("""COMPUTED_VALUE"""),"D31PX") -> D31PX | H79: =IFERROR(__xludf.DUMMYFUNCTION("""COMPUTED_VALUE"""),"80HP") -> 80HP | I79: =IFERROR(__xludf.DUMMYFUNCTION("""COMPUTED_VALUE"""),"KMT0D0070E01050840") -> KMT0D0070E01050840 | J79: =IFERROR(__xludf.DUMMYFUNCTION("""COMPUTED_VALUE"""),"4D10226357443") -> 4D10226357443 | K79: =IFERROR(__xludf.DUMMYFUNCTION("""COMPUTED_VALUE"""),8) -> 8 | L79: =IFERROR(__xludf.DUMMYFUNCTION("""COMPUTED_VALUE"""),"KLH") -> KLH
A80: =IFERROR(__xludf.DUMMYFUNCTION("""COMPUTED_VALUE"""),"CHT-MUI-006") -> CHT-MUI-006 | B80: =IFERROR(__xludf.DUMMYFUNCTION("""COMPUTED_VALUE"""),"Máy ủi KOMATSU D31PX") -> Máy ủi KOMATSU D31PX | C80: =IFERROR(__xludf.DUMMYFUNCTION("""COMPUTED_VALUE"""),"CGTC AD") -> CGTC AD | D80: =IFERROR(__xludf.DUMMYFUNCTION("""COMPUTED_VALUE"""),"KOMATSU") -> KOMATSU | E80: =IFERROR(__xludf.DUMMYFUNCTION("""COMPUTED_VALUE"""),"NHẬT BẢN") -> NHẬT BẢN | F80: =IFERROR(__xludf.DUMMYFUNCTION("""COMPUTED_VALUE"""),2004) -> 2004 | G80: =IFERROR(__xludf.DUMMYFUNCTION("""COMPUTED_VALUE"""),"D31PX") -> D31PX | H80: =IFERROR(__xludf.DUMMYFUNCTION("""COMPUTED_VALUE"""),"80HP") -> 80HP | I80: =IFERROR(__xludf.DUMMYFUNCTION("""COMPUTED_VALUE"""),"KMT0D007L01050625") -> KMT0D007L01050625 | J80: =IFERROR(__xludf.DUMMYFUNCTION("""COMPUTED_VALUE"""),"4D10226340664") -> 4D10226340664 | K80: =IFERROR(__xludf.DUMMYFUNCTION("""COMPUTED_VALUE"""),8) -> 8 | L80: =IFERROR(__xludf.DUMMYFUNCTION("""COMPUTED_VALUE"""),"KLH") -> KLH
A81: =IFERROR(__xludf.DUMMYFUNCTION("""COMPUTED_VALUE"""),"CHT-MUI-007") -> CHT-MUI-007 | B81: =IFERROR(__xludf.DUMMYFUNCTION("""COMPUTED_VALUE"""),"Máy ủi KOMATSU D65PX-12") -> Máy ủi KOMATSU D65PX-12 | C81: =IFERROR(__xludf.DUMMYFUNCTION("""COMPUTED_VALUE"""),"CGTC AD") -> CGTC AD | D81: =IFERROR(__xludf.DUMMYFUNCTION("""COMPUTED_VALUE"""),"KOMATSU") -> KOMATSU | E81: =IFERROR(__xludf.DUMMYFUNCTION("""COMPUTED_VALUE"""),"NHẬT BẢN") -> NHẬT BẢN | F81: =IFERROR(__xludf.DUMMYFUNCTION("""COMPUTED_VALUE"""),1996) -> 1996 | G81: =IFERROR(__xludf.DUMMYFUNCTION("""COMPUTED_VALUE"""),"D65PX-12E") -> D65PX-12E | H81: =IFERROR(__xludf.DUMMYFUNCTION("""COMPUTED_VALUE"""),"205HP") -> 205HP | I81: =IFERROR(__xludf.DUMMYFUNCTION("""COMPUTED_VALUE"""),"D60P1261177") -> D60P1261177 | J81: =IFERROR(__xludf.DUMMYFUNCTION("""COMPUTED_VALUE"""),"6D12564712") -> 6D12564712 | K81: =IFERROR(__xludf.DUMMYFUNCTION("""COMPUTED_VALUE"""),14) -> 14 | L81: =IFERROR(__xludf.DUMMYFUNCTION("""COMPUTED_VALUE"""),"KLH") -> KLH
A82: =IFERROR(__xludf.DUMMYFUNCTION("""COMPUTED_VALUE"""),"CHT-MUI-008") -> CHT-MUI-008 | B82: =IFERROR(__xludf.DUMMYFUNCTION("""COMPUTED_VALUE"""),"Máy ủi KOMATSU D31PX") -> Máy ủi KOMATSU D31PX | C82: =IFERROR(__xludf.DUMMYFUNCTION("""COMPUTED_VALUE"""),"CGTC AD") -> CGTC AD | D82: =IFERROR(__xludf.DUMMYFUNCTION("""COMPUTED_VALUE"""),"KOMATSU") -> KOMATSU | E82: =IFERROR(__xludf.DUMMYFUNCTION("""COMPUTED_VALUE"""),"NHẬT BẢN") -> NHẬT BẢN | F82: =IFERROR(__xludf.DUMMYFUNCTION("""COMPUTED_VALUE"""),2006) -> 2006 | G82: =IFERROR(__xludf.DUMMYFUNCTION("""COMPUTED_VALUE"""),"D31PX-21") -> D31PX-21 | H82: =IFERROR(__xludf.DUMMYFUNCTION("""COMPUTED_VALUE"""),"75HP") -> 75HP | I82: =IFERROR(__xludf.DUMMYFUNCTION("""COMPUTED_VALUE"""),"KMT0D007P01051250") -> KMT0D007P01051250 | J82: =IFERROR(__xludf.DUMMYFUNCTION("""COMPUTED_VALUE"""),"4D10226392645") -> 4D10226392645 | K82: =IFERROR(__xludf.DUMMYFUNCTION("""COMPUTED_VALUE"""),8) -> 8 | L82: =IFERROR(__xludf.DUMMYFUNCTION("""COMPUTED_VALUE"""),"KLH") -> KLH
A83: =IFERROR(__xludf.DUMMYFUNCTION("""COMPUTED_VALUE"""),"CHT-MUI-012") -> CHT-MUI-012 | B83: =IFERROR(__xludf.DUMMYFUNCTION("""COMPUTED_VALUE"""),"Máy ủi KOMATSU D31PX") -> Máy ủi KOMATSU D31PX | C83: =IFERROR(__xludf.DUMMYFUNCTION("""COMPUTED_VALUE"""),"CGTC AD") -> CGTC AD | D83: =IFERROR(__xludf.DUMMYFUNCTION("""COMPUTED_VALUE"""),"KOMATSU") -> KOMATSU | E83: =IFERROR(__xludf.DUMMYFUNCTION("""COMPUTED_VALUE"""),"NHẬT BẢN") -> NHẬT BẢN | F83: =IFERROR(__xludf.DUMMYFUNCTION("""COMPUTED_VALUE"""),2006) -> 2006 | G83: =IFERROR(__xludf.DUMMYFUNCTION("""COMPUTED_VALUE"""),"D31PX-21") -> D31PX-21 | H83: =IFERROR(__xludf.DUMMYFUNCTION("""COMPUTED_VALUE"""),"76HP") -> 76HP | I83: =IFERROR(__xludf.DUMMYFUNCTION("""COMPUTED_VALUE"""),"KMT0D007T01051313") -> KMT0D007T01051313 | J83: =IFERROR(__xludf.DUMMYFUNCTION("""COMPUTED_VALUE"""),"4D10226397126") -> 4D10226397126 | K83: =IFERROR(__xludf.DUMMYFUNCTION("""COMPUTED_VALUE"""),8) -> 8 | L83: =IFERROR(__xludf.DUMMYFUNCTION("""COMPUTED_VALUE"""),"KLH") -> KLH
A84: =IFERROR(__xludf.DUMMYFUNCTION("""COMPUTED_VALUE"""),"CHT-MUI-015") -> CHT-MUI-015 | B84: =IFERROR(__xludf.DUMMYFUNCTION("""COMPUTED_VALUE"""),"Máy ủi KOMATSU D61") -> Máy ủi KOMATSU D61 | C84: =IFERROR(__xludf.DUMMYFUNCTION("""COMPUTED_VALUE"""),"CGTC AD") -> CGTC AD | D84: =IFERROR(__xludf.DUMMYFUNCTION("""COMPUTED_VALUE"""),"KOMATSU") -> KOMATSU | E84: =IFERROR(__xludf.DUMMYFUNCTION("""COMPUTED_VALUE"""),"Nhật Bản") -> Nhật Bản | F84: =IFERROR(__xludf.DUMMYFUNCTION("""COMPUTED_VALUE"""),2006) -> 2006 | G84: =IFERROR(__xludf.DUMMYFUNCTION("""COMPUTED_VALUE"""),"D61PX-15") -> D61PX-15 | H84: =IFERROR(__xludf.DUMMYFUNCTION("""COMPUTED_VALUE"""),"155HP") -> 155HP | I84: =IFERROR(__xludf.DUMMYFUNCTION("""COMPUTED_VALUE"""),"KMT0D063H51B40955") -> KMT0D063H51B40955 | J84: =IFERROR(__xludf.DUMMYFUNCTION("""COMPUTED_VALUE"""),"30559211") -> 30559211 | K84: =IFERROR(__xludf.DUMMYFUNCTION("""COMPUTED_VALUE"""),14) -> 14 | L84: =IFERROR(__xludf.DUMMYFUNCTION("""COMPUTED_VALUE"""),"KLH") -> KLH
A85: =IFERROR(__xludf.DUMMYFUNCTION("""COMPUTED_VALUE"""),"CHT-XLU-006") -> CHT-XLU-006 | B85: =IFERROR(__xludf.DUMMYFUNCTION("""COMPUTED_VALUE"""),"Xe lu tĩnh R2 10 tấn") -> Xe lu tĩnh R2 10 tấn | C85: =IFERROR(__xludf.DUMMYFUNCTION("""COMPUTED_VALUE"""),"CGTC AD") -> CGTC AD | D85: =IFERROR(__xludf.DUMMYFUNCTION("""COMPUTED_VALUE"""),"SAKAI") -> SAKAI | E85: =IFERROR(__xludf.DUMMYFUNCTION("""COMPUTED_VALUE"""),"NHẬT BẢN") -> NHẬT BẢN | F85: =IFERROR(__xludf.DUMMYFUNCTION("""COMPUTED_VALUE"""),1997) -> 1997 | G85: =IFERROR(__xludf.DUMMYFUNCTION("""COMPUTED_VALUE"""),"R2H") -> R2H | H85: =IFERROR(__xludf.DUMMYFUNCTION("""COMPUTED_VALUE"""),"74HP") -> 74HP | I85: =IFERROR(__xludf.DUMMYFUNCTION("""COMPUTED_VALUE"""),"RR321002") -> RR321002 | J85: =IFERROR(__xludf.DUMMYFUNCTION("""COMPUTED_VALUE"""),"W04DF11156") -> W04DF11156 | K85: =IFERROR(__xludf.DUMMYFUNCTION("""COMPUTED_VALUE"""),4) -> 4 | L85: =IFERROR(__xludf.DUMMYFUNCTION("""COMPUTED_VALUE"""),"KLH") -> KLH
A86: =IFERROR(__xludf.DUMMYFUNCTION("""COMPUTED_VALUE"""),"CHT-XLU-007") -> CHT-XLU-007 | B86: =IFERROR(__xludf.DUMMYFUNCTION("""COMPUTED_VALUE"""),"Xe lu rung SV521DH 11 tấn") -> Xe lu rung SV521DH 11 tấn | C86: =IFERROR(__xludf.DUMMYFUNCTION("""COMPUTED_VALUE"""),"CGTC AD") -> CGTC AD | D86: =IFERROR(__xludf.DUMMYFUNCTION("""COMPUTED_VALUE"""),"SAKAI") -> SAKAI | E86: =IFERROR(__xludf.DUMMYFUNCTION("""COMPUTED_VALUE"""),"NHẬT BẢN") -> NHẬT BẢN | F86: =IFERROR(__xludf.DUMMYFUNCTION("""COMPUTED_VALUE"""),2020) -> 2020 | G86: =IFERROR(__xludf.DUMMYFUNCTION("""COMPUTED_VALUE"""),"SV521DH") -> SV521DH | H86: =IFERROR(__xludf.DUMMYFUNCTION("""COMPUTED_VALUE"""),"113HP") -> 113HP | I86: =IFERROR(__xludf.DUMMYFUNCTION("""COMPUTED_VALUE"""),"2SV6610527") -> 2SV6610527 | J86: =IFERROR(__xludf.DUMMYFUNCTION("""COMPUTED_VALUE"""),"133945") -> 133945 | K86: =IFERROR(__xludf.DUMMYFUNCTION("""COMPUTED_VALUE"""),7) -> 7 | L86: =IFERROR(__xludf.DUMMYFUNCTION("""COMPUTED_VALUE"""),"KLH") -> KLH
A87: =IFERROR(__xludf.DUMMYFUNCTION("""COMPUTED_VALUE"""),"CHT-XTA-008") -> CHT-XTA-008 | B87: =IFERROR(__xludf.DUMMYFUNCTION("""COMPUTED_VALUE"""),"Xe ben FD140") -> Xe ben FD140 | C87: =IFERROR(__xludf.DUMMYFUNCTION("""COMPUTED_VALUE"""),"CGTC AD") -> CGTC AD | D87: =IFERROR(__xludf.DUMMYFUNCTION("""COMPUTED_VALUE"""),"THACO FORLAND") -> THACO FORLAND | E87: =IFERROR(__xludf.DUMMYFUNCTION("""COMPUTED_VALUE"""),"VIỆT NAM") -> VIỆT NAM | F87: =IFERROR(__xludf.DUMMYFUNCTION("""COMPUTED_VALUE"""),2020) -> 2020 | G87: =IFERROR(__xludf.DUMMYFUNCTION("""COMPUTED_VALUE"""),"FD140-8T") -> FD140-8T | H87: =IFERROR(__xludf.DUMMYFUNCTION("""COMPUTED_VALUE"""),"140HP") -> 140HP | I87: =IFERROR(__xludf.DUMMYFUNCTION("""COMPUTED_VALUE"""),"RNHF14FYALT024043") -> RNHF14FYALT024043 | J87: =IFERROR(__xludf.DUMMYFUNCTION("""COMPUTED_VALUE"""),"YC4D140-48D59M1J20797") -> YC4D140-48D59M1J20797 | K87: =IFERROR(__xludf.DUMMYFUNCTION("""COMPUTED_VALUE"""),0.4) -> 0.4 | L87: =IFERROR(__xludf.DUMMYFUNCTION("""COMPUTED_VALUE"""),"KLH") -> KLH
A88: =IFERROR(__xludf.DUMMYFUNCTION("""COMPUTED_VALUE"""),"CHT-XTA-011") -> CHT-XTA-011 | B88: =IFERROR(__xludf.DUMMYFUNCTION("""COMPUTED_VALUE"""),"Xe ben AUMAN GTL D300 E4") -> Xe ben AUMAN GTL D300 E4 | C88: =IFERROR(__xludf.DUMMYFUNCTION("""COMPUTED_VALUE"""),"CGTC AD") -> CGTC AD | D88: =IFERROR(__xludf.DUMMYFUNCTION("""COMPUTED_VALUE"""),"THACO AUMAN") -> THACO AUMAN | E88: =IFERROR(__xludf.DUMMYFUNCTION("""COMPUTED_VALUE"""),"VIỆT NAM") -> VIỆT NAM | F88: =IFERROR(__xludf.DUMMYFUNCTION("""COMPUTED_VALUE"""),2018) -> 2018 | G88: =IFERROR(__xludf.DUMMYFUNCTION("""COMPUTED_VALUE"""),"GTL D300E4") -> GTL D300E4 | H88: =IFERROR(__xludf.DUMMYFUNCTION("""COMPUTED_VALUE"""),"375HP") -> 375HP | I88: =IFERROR(__xludf.DUMMYFUNCTION("""COMPUTED_VALUE"""),"RNHD30FWAJC078104") -> RNHD30FWAJC078104 | J88: =IFERROR(__xludf.DUMMYFUNCTION("""COMPUTED_VALUE"""),"WP10375E431618A009907") -> WP10375E431618A009907 | K88: =IFERROR(__xludf.DUMMYFUNCTION("""COMPUTED_VALUE"""),1.41) -> 1.41 | L88: =IFERROR(__xludf.DUMMYFUNCTION("""COMPUTED_VALUE"""),"KLH") -> KLH
A89: =IFERROR(__xludf.DUMMYFUNCTION("""COMPUTED_VALUE"""),"CHT-XTA-012") -> CHT-XTA-012 | B89: =IFERROR(__xludf.DUMMYFUNCTION("""COMPUTED_VALUE"""),"Xe ben AUMAN GTL D300 E4") -> Xe ben AUMAN GTL D300 E4 | C89: =IFERROR(__xludf.DUMMYFUNCTION("""COMPUTED_VALUE"""),"CGTC AD") -> CGTC AD | D89: =IFERROR(__xludf.DUMMYFUNCTION("""COMPUTED_VALUE"""),"THACO AUMAN") -> THACO AUMAN | E89: =IFERROR(__xludf.DUMMYFUNCTION("""COMPUTED_VALUE"""),"VIỆT NAM") -> VIỆT NAM | F89: =IFERROR(__xludf.DUMMYFUNCTION("""COMPUTED_VALUE"""),2018) -> 2018 | G89: =IFERROR(__xludf.DUMMYFUNCTION("""COMPUTED_VALUE"""),"GTL D300E4") -> GTL D300E4 | H89: =IFERROR(__xludf.DUMMYFUNCTION("""COMPUTED_VALUE"""),"375HP") -> 375HP | I89: =IFERROR(__xludf.DUMMYFUNCTION("""COMPUTED_VALUE"""),"RNHD30FWAJC75800") -> RNHD30FWAJC75800 | J89: =IFERROR(__xludf.DUMMYFUNCTION("""COMPUTED_VALUE"""),"WP10375E431617K140763") -> WP10375E431617K140763 | K89: =IFERROR(__xludf.DUMMYFUNCTION("""COMPUTED_VALUE"""),1.41) -> 1.41 | L89: =IFERROR(__xludf.DUMMYFUNCTION("""COMPUTED_VALUE"""),"KLH") -> KLH
A90: =IFERROR(__xludf.DUMMYFUNCTION("""COMPUTED_VALUE"""),"CHT-XBO-003") -> CHT-XBO-003 | B90: =IFERROR(__xludf.DUMMYFUNCTION("""COMPUTED_VALUE"""),"Xe bồn AUMAN ETX D300 (Bồn tưới 18m3)") -> Xe bồn AUMAN ETX D300 (Bồn tưới 18m3) | C90: =IFERROR(__xludf.DUMMYFUNCTION("""COMPUTED_VALUE"""),"CGTC AD") -> CGTC AD | D90: =IFERROR(__xludf.DUMMYFUNCTION("""COMPUTED_VALUE"""),"THACO AUMAN") -> THACO AUMAN | E90: =IFERROR(__xludf.DUMMYFUNCTION("""COMPUTED_VALUE"""),"VIỆT NAM") -> VIỆT NAM | F90: =IFERROR(__xludf.DUMMYFUNCTION("""COMPUTED_VALUE"""),2019) -> 2019 | G90: =IFERROR(__xludf.DUMMYFUNCTION("""COMPUTED_VALUE"""),"ETX D300E4") -> ETX D300E4 | H90: =IFERROR(__xludf.DUMMYFUNCTION("""COMPUTED_VALUE"""),"336HP") -> 336HP | I90: =IFERROR(__xludf.DUMMYFUNCTION("""COMPUTED_VALUE"""),"RNHD30FWBKC005994") -> RNHD30FWBKC005994 | J90: =IFERROR(__xludf.DUMMYFUNCTION("""COMPUTED_VALUE"""),"WP10336E431618C035173") -> WP10336E431618C035173 | K90: =IFERROR(__xludf.DUMMYFUNCTION("""COMPUTED_VALUE"""),0.6) -> 0.6 | L90: =IFERROR(__xludf.DUMMYFUNCTION("""COMPUTED_VALUE"""),"KLH") -> KLH
A91: =IFERROR(__xludf.DUMMYFUNCTION("""COMPUTED_VALUE"""),"CHT-MĐA-046") -> CHT-MĐA-046 | B91: =IFERROR(__xludf.DUMMYFUNCTION("""COMPUTED_VALUE"""),"Máy đào SH210 bánh xích gàu 0.9m3") -> Máy đào SH210 bánh xích gàu 0.9m3 | C91: =IFERROR(__xludf.DUMMYFUNCTION("""COMPUTED_VALUE"""),"CGTC AD") -> CGTC AD | D91: =IFERROR(__xludf.DUMMYFUNCTION("""COMPUTED_VALUE"""),"SUMITOMO") -> SUMITOMO | E91: =IFERROR(__xludf.DUMMYFUNCTION("""COMPUTED_VALUE"""),"NHẬT BẢN") -> NHẬT BẢN | F91: =IFERROR(__xludf.DUMMYFUNCTION("""COMPUTED_VALUE"""),2021) -> 2021 | G91: =IFERROR(__xludf.DUMMYFUNCTION("""COMPUTED_VALUE"""),"SH210-6") -> SH210-6 | H91: =IFERROR(__xludf.DUMMYFUNCTION("""COMPUTED_VALUE"""),"160HP") -> 160HP | I91: =IFERROR(__xludf.DUMMYFUNCTION("""COMPUTED_VALUE"""),"STN210T6C00BH3091") -> STN210T6C00BH3091 | J91: =IFERROR(__xludf.DUMMYFUNCTION("""COMPUTED_VALUE"""),"816364") -> 816364 | K91: =IFERROR(__xludf.DUMMYFUNCTION("""COMPUTED_VALUE"""),13) -> 13 | L91: =IFERROR(__xludf.DUMMYFUNCTION("""COMPUTED_VALUE"""),"KLH") -> KLH
A92: =IFERROR(__xludf.DUMMYFUNCTION("""COMPUTED_VALUE"""),"CHT-MĐA-024") -> CHT-MĐA-024 | B92: =IFERROR(__xludf.DUMMYFUNCTION("""COMPUTED_VALUE"""),"Máy đào SH210 bánh xích gàu 0.9m3") -> Máy đào SH210 bánh xích gàu 0.9m3 | C92: =IFERROR(__xludf.DUMMYFUNCTION("""COMPUTED_VALUE"""),"CGTC AD") -> CGTC AD | D92: =IFERROR(__xludf.DUMMYFUNCTION("""COMPUTED_VALUE"""),"SUMITOMO") -> SUMITOMO | E92: =IFERROR(__xludf.DUMMYFUNCTION("""COMPUTED_VALUE"""),"NHẬT BẢN") -> NHẬT BẢN | F92: =IFERROR(__xludf.DUMMYFUNCTION("""COMPUTED_VALUE"""),2020) -> 2020 | G92: =IFERROR(__xludf.DUMMYFUNCTION("""COMPUTED_VALUE"""),"SH210-6") -> SH210-6 | H92: =IFERROR(__xludf.DUMMYFUNCTION("""COMPUTED_VALUE"""),"156HP") -> 156HP | I92: =IFERROR(__xludf.DUMMYFUNCTION("""COMPUTED_VALUE"""),"STN210T6V00BH2671") -> STN210T6V00BH2671 | J92: =IFERROR(__xludf.DUMMYFUNCTION("""COMPUTED_VALUE"""),"800456") -> 800456 | K92: =IFERROR(__xludf.DUMMYFUNCTION("""COMPUTED_VALUE"""),15) -> 15 | L92: =IFERROR(__xludf.DUMMYFUNCTION("""COMPUTED_VALUE"""),"KLH") -> KLH
A93: =IFERROR(__xludf.DUMMYFUNCTION("""COMPUTED_VALUE"""),"CHT-MĐA-025") -> CHT-MĐA-025 | B93: =IFERROR(__xludf.DUMMYFUNCTION("""COMPUTED_VALUE"""),"Máy đào DX140W bánh lốp gàu 0.7m3") -> Máy đào DX140W bánh lốp gàu 0.7m3 | C93: =IFERROR(__xludf.DUMMYFUNCTION("""COMPUTED_VALUE"""),"CGTC AD") -> CGTC AD | D93: =IFERROR(__xludf.DUMMYFUNCTION("""COMPUTED_VALUE"""),"DOOSAN") -> DOOSAN | E93: =IFERROR(__xludf.DUMMYFUNCTION("""COMPUTED_VALUE"""),"HÀN QUỐC") -> HÀN QUỐC | F93: =IFERROR(__xludf.DUMMYFUNCTION("""COMPUTED_VALUE"""),2020) -> 2020 | G93: =IFERROR(__xludf.DUMMYFUNCTION("""COMPUTED_VALUE"""),"DX140W") -> DX140W | H93: =IFERROR(__xludf.DUMMYFUNCTION("""COMPUTED_VALUE"""),"133HP") -> 133HP | I93: =IFERROR(__xludf.DUMMYFUNCTION("""COMPUTED_VALUE"""),"DHKCEWAAHL5008819") -> DHKCEWAAHL5008819 | J93: =IFERROR(__xludf.DUMMYFUNCTION("""COMPUTED_VALUE"""),"DB58TIS039733EJ") -> DB58TIS039733EJ | K93: =IFERROR(__xludf.DUMMYFUNCTION("""COMPUTED_VALUE"""),10) -> 10 | L93: =IFERROR(__xludf.DUMMYFUNCTION("""COMPUTED_VALUE"""),"KLH") -> KLH
A94: =IFERROR(__xludf.DUMMYFUNCTION("""COMPUTED_VALUE"""),"CHT-MĐA-026") -> CHT-MĐA-026 | B94: =IFERROR(__xludf.DUMMYFUNCTION("""COMPUTED_VALUE"""),"Máy đào DX140W bánh lốp gàu 0.7m3") -> Máy đào DX140W bánh lốp gàu 0.7m3 | C94: =IFERROR(__xludf.DUMMYFUNCTION("""COMPUTED_VALUE"""),"CGTC AD") -> CGTC AD | D94: =IFERROR(__xludf.DUMMYFUNCTION("""COMPUTED_VALUE"""),"DOOSAN") -> DOOSAN | E94: =IFERROR(__xludf.DUMMYFUNCTION("""COMPUTED_VALUE"""),"HÀN QUỐC") -> HÀN QUỐC | F94: =IFERROR(__xludf.DUMMYFUNCTION("""COMPUTED_VALUE"""),2020) -> 2020 | G94: =IFERROR(__xludf.DUMMYFUNCTION("""COMPUTED_VALUE"""),"DX140W") -> DX140W | H94: =IFERROR(__xludf.DUMMYFUNCTION("""COMPUTED_VALUE"""),"133HP") -> 133HP | I94: =IFERROR(__xludf.DUMMYFUNCTION("""COMPUTED_VALUE"""),"DHKCEWAASL5008820") -> DHKCEWAASL5008820 | J94: =IFERROR(__xludf.DUMMYFUNCTION("""COMPUTED_VALUE"""),"DB58TIS039729EJ") -> DB58TIS039729EJ | K94: =IFERROR(__xludf.DUMMYFUNCTION("""COMPUTED_VALUE"""),10) -> 10 | L94: =IFERROR(__xludf.DUMMYFUNCTION("""COMPUTED_VALUE"""),"KLH") -> KLH
A95: =IFERROR(__xludf.DUMMYFUNCTION("""COMPUTED_VALUE"""),"CHT-XCA-001") -> CHT-XCA-001 | B95: =IFERROR(__xludf.DUMMYFUNCTION("""COMPUTED_VALUE"""),"Xe cẩu bàn 5 tấn") -> Xe cẩu bàn 5 tấn | C95: =IFERROR(__xludf.DUMMYFUNCTION("""COMPUTED_VALUE"""),"CGTC AD") -> CGTC AD | D95: =IFERROR(__xludf.DUMMYFUNCTION("""COMPUTED_VALUE"""),"THACO AUMAN") -> THACO AUMAN | E95: =IFERROR(__xludf.DUMMYFUNCTION("""COMPUTED_VALUE"""),"VIETNAM") -> VIETNAM | G95: =IFERROR(__xludf.DUMMYFUNCTION("""COMPUTED_VALUE"""),"ETX C240 ND2") -> ETX C240 ND2 | H95: =IFERROR(__xludf.DUMMYFUNCTION("""COMPUTED_VALUE"""),"336HP") -> 336HP | I95: =IFERROR(__xludf.DUMMYFUNCTION("""COMPUTED_VALUE"""),"RNHA24FWAKC099303") -> RNHA24FWAKC099303 | J95: =IFERROR(__xludf.DUMMYFUNCTION("""COMPUTED_VALUE"""),"WP10.336E431619A000091") -> WP10.336E431619A000091 | K95: =IFERROR(__xludf.DUMMYFUNCTION("""COMPUTED_VALUE"""),0.65) -> 0.65 | L95: =IFERROR(__xludf.DUMMYFUNCTION("""COMPUTED_VALUE"""),"KLH") -> KLH
A96: =IFERROR(__xludf.DUMMYFUNCTION("""COMPUTED_VALUE"""),"CHT-MĐA-052") -> CHT-MĐA-052 | B96: =IFERROR(__xludf.DUMMYFUNCTION("""COMPUTED_VALUE"""),"Máy đào KOMATSU bánh xích gàu 0.3m3") -> Máy đào KOMATSU bánh xích gàu 0.3m3 | C96: =IFERROR(__xludf.DUMMYFUNCTION("""COMPUTED_VALUE"""),"CGTC AD") -> CGTC AD | D96: =IFERROR(__xludf.DUMMYFUNCTION("""COMPUTED_VALUE"""),"KOMATSU") -> KOMATSU | E96: =IFERROR(__xludf.DUMMYFUNCTION("""COMPUTED_VALUE"""),"NHẬT BẢN") -> NHẬT BẢN | F96: =IFERROR(__xludf.DUMMYFUNCTION("""COMPUTED_VALUE"""),2014) -> 2014 | G96: =IFERROR(__xludf.DUMMYFUNCTION("""COMPUTED_VALUE"""),"PC40MR-3") -> PC40MR-3 | H96: =IFERROR(__xludf.DUMMYFUNCTION("""COMPUTED_VALUE"""),"39HP") -> 39HP | I96: =IFERROR(__xludf.DUMMYFUNCTION("""COMPUTED_VALUE"""),"KMTPC023LEE022317") -> KMTPC023LEE022317 | J96: =IFERROR(__xludf.DUMMYFUNCTION("""COMPUTED_VALUE"""),"32816") -> 32816 | K96: =IFERROR(__xludf.DUMMYFUNCTION("""COMPUTED_VALUE"""),4) -> 4 | L96: =IFERROR(__xludf.DUMMYFUNCTION("""COMPUTED_VALUE"""),"KLH") -> KLH
A97: =IFERROR(__xludf.DUMMYFUNCTION("""COMPUTED_VALUE"""),"CHT-MĐA-054") -> CHT-MĐA-054 | B97: =IFERROR(__xludf.DUMMYFUNCTION("""COMPUTED_VALUE"""),"Máy đào U35 bánh xích gàu 0.3m3") -> Máy đào U35 bánh xích gàu 0.3m3 | C97: =IFERROR(__xludf.DUMMYFUNCTION("""COMPUTED_VALUE"""),"CGTC AD") -> CGTC AD | D97: =IFERROR(__xludf.DUMMYFUNCTION("""COMPUTED_VALUE"""),"KUBOTA") -> KUBOTA | E97: =IFERROR(__xludf.DUMMYFUNCTION("""COMPUTED_VALUE"""),"NHẬT BẢN") -> NHẬT BẢN | F97: =IFERROR(__xludf.DUMMYFUNCTION("""COMPUTED_VALUE"""),2015) -> 2015 | G97: =IFERROR(__xludf.DUMMYFUNCTION("""COMPUTED_VALUE"""),"U35-6") -> U35-6 | H97: =IFERROR(__xludf.DUMMYFUNCTION("""COMPUTED_VALUE"""),"32HP") -> 32HP | I97: =IFERROR(__xludf.DUMMYFUNCTION("""COMPUTED_VALUE"""),"JKUU0356H01H60283") -> JKUU0356H01H60283 | J97: =IFERROR(__xludf.DUMMYFUNCTION("""COMPUTED_VALUE"""),"7HN2997") -> 7HN2997 | K97: =IFERROR(__xludf.DUMMYFUNCTION("""COMPUTED_VALUE"""),4) -> 4 | L97: =IFERROR(__xludf.DUMMYFUNCTION("""COMPUTED_VALUE"""),"KLH") -> KLH
A98: =IFERROR(__xludf.DUMMYFUNCTION("""COMPUTED_VALUE"""),"CHT-MĐA-055") -> CHT-MĐA-055 | B98: =IFERROR(__xludf.DUMMYFUNCTION("""COMPUTED_VALUE"""),"Máy đào U35 bánh xích gàu 0.3m3") -> Máy đào U35 bánh xích gàu 0.3m3 | C98: =IFERROR(__xludf.DUMMYFUNCTION("""COMPUTED_VALUE"""),"CGTC AD") -> CGTC AD | D98: =IFERROR(__xludf.DUMMYFUNCTION("""COMPUTED_VALUE"""),"KUBOTA") -> KUBOTA | E98: =IFERROR(__xludf.DUMMYFUNCTION("""COMPUTED_VALUE"""),"NHẬT BẢN") -> NHẬT BẢN | F98: =IFERROR(__xludf.DUMMYFUNCTION("""COMPUTED_VALUE"""),2015) -> 2015 | G98: =IFERROR(__xludf.DUMMYFUNCTION("""COMPUTED_VALUE"""),"U35-6") -> U35-6 | H98: =IFERROR(__xludf.DUMMYFUNCTION("""COMPUTED_VALUE"""),"32HP") -> 32HP | I98: =IFERROR(__xludf.DUMMYFUNCTION("""COMPUTED_VALUE"""),"JKUU0356H01H60431") -> JKUU0356H01H60431 | J98: =IFERROR(__xludf.DUMMYFUNCTION("""COMPUTED_VALUE"""),"7HR1204") -> 7HR1204 | K98: =IFERROR(__xludf.DUMMYFUNCTION("""COMPUTED_VALUE"""),4) -> 4 | L98: =IFERROR(__xludf.DUMMYFUNCTION("""COMPUTED_VALUE"""),"KLH") -> KLH
A99: =IFERROR(__xludf.DUMMYFUNCTION("""COMPUTED_VALUE"""),"CHT-MĐA-061") -> CHT-MĐA-061 | B99: =IFERROR(__xludf.DUMMYFUNCTION("""COMPUTED_VALUE"""),"Máy đào U35 bánh xích gàu 0.3m3") -> Máy đào U35 bánh xích gàu 0.3m3 | C99: =IFERROR(__xludf.DUMMYFUNCTION("""COMPUTED_VALUE"""),"CGTC AD") -> CGTC AD | D99: =IFERROR(__xludf.DUMMYFUNCTION("""COMPUTED_VALUE"""),"KUBOTA") -> KUBOTA | E99: =IFERROR(__xludf.DUMMYFUNCTION("""COMPUTED_VALUE"""),"NHẬT BẢN") -> NHẬT BẢN | F99: =IFERROR(__xludf.DUMMYFUNCTION("""COMPUTED_VALUE"""),2015) -> 2015 | G99: =IFERROR(__xludf.DUMMYFUNCTION("""COMPUTED_VALUE"""),"U35-6") -> U35-6 | H99: =IFERROR(__xludf.DUMMYFUNCTION("""COMPUTED_VALUE"""),"32HP") -> 32HP | I99: =IFERROR(__xludf.DUMMYFUNCTION("""COMPUTED_VALUE"""),"JKUU0356V01H60277") -> JKUU0356V01H60277 | J99: =IFERROR(__xludf.DUMMYFUNCTION("""COMPUTED_VALUE"""),"7HL9269") -> 7HL9269 | K99: =IFERROR(__xludf.DUMMYFUNCTION("""COMPUTED_VALUE"""),4) -> 4 | L99: =IFERROR(__xludf.DUMMYFUNCTION("""COMPUTED_VALUE"""),"KLH") -> KLH
A100: =IFERROR(__xludf.DUMMYFUNCTION("""COMPUTED_VALUE"""),"CHT-MĐA-065") -> CHT-MĐA-065 | B100: =IFERROR(__xludf.DUMMYFUNCTION("""COMPUTED_VALUE"""),"Máy đào KOMATSU bánh xích gàu 0.3m3") -> Máy đào KOMATSU bánh xích gàu 0.3m3 | C100: =IFERROR(__xludf.DUMMYFUNCTION("""COMPUTED_VALUE"""),"CGTC AD") -> CGTC AD | D100: =IFERROR(__xludf.DUMMYFUNCTION("""COMPUTED_VALUE"""),"KOMATSU") -> KOMATSU | E100: =IFERROR(__xludf.DUMMYFUNCTION("""COMPUTED_VALUE"""),"NHẬT BẢN") -> NHẬT BẢN | F100: =IFERROR(__xludf.DUMMYFUNCTION("""COMPUTED_VALUE"""),2012) -> 2012 | G100: =IFERROR(__xludf.DUMMYFUNCTION("""COMPUTED_VALUE"""),"PC55MR-3") -> PC55MR-3 | H100: =IFERROR(__xludf.DUMMYFUNCTION("""COMPUTED_VALUE"""),"40HP") -> 40HP | I100: =IFERROR(__xludf.DUMMYFUNCTION("""COMPUTED_VALUE"""),"KMTPC212J04017231") -> KMTPC212J04017231 | J100: =IFERROR(__xludf.DUMMYFUNCTION("""COMPUTED_VALUE"""),"26018") -> 26018 | K100: =IFERROR(__xludf.DUMMYFUNCTION("""COMPUTED_VALUE"""),4) -> 4 | L100: =IFERROR(__xludf.DUMMYFUNCTION("""COMPUTED_VALUE"""),"KLH") -> KLH
...

Sheet 01. TH
A2: TỔNG HỢP XE - MÁY MÓC THIẾT BỊ KLH KOUNMOM
A3: STT | B3: TÊN MÁY MÓC THIẾT BỊ | C3: Công suất | D3: Kích thước | E3: Đvt | F3: KV DAUPENH | O3: KV LUMPHAT | S3: KV ANDONGMEAS | W3: KLH | AE3: TỔNG | AF3: HƯ HỎNG | AH3: Ghi chú
F4: CGTC DP | G4: CGLĐ DP | H4: XN Chuối DP1 | I4: XN Chuối DP2 | J4: XN Chuối DP3 | K4: CAT DP | L4: Xưởng Cơ khí DP | M4: NM NHỰA -XỐP DP | N4: Tổng kho | O4: CGTC LP | P4: CGLĐ LP | Q4: XN Chuối LP1 | R4: XN Chuối LP3 | S4: CGTC AD | T4: CAT AD | U4: XN Bò AD | V4: Xưởng Cơ khí ADM&LP | W4: Phòng GNVC | X4: Trạm trộn bê tông | Y4: Ban điện nước | Z4: THACO ID&ME | AA4: HÀNH CHÍNH KLH | AB4: THAGRICONS | AC4: BAN CG-CK & SXCN | AD4: BAN KT CHUỐI
A5: 1 | B5: Máy đào | D5: =IFERROR(VLOOKUP(B5,'Danh mục'!$G:$U,15,0),"") | F5: =SUM(F6:F16) -> 17 | G5: =SUM(G6:G16) -> 0 | H5: =SUM(H6:H16) -> 0 | I5: =SUM(I6:I16) -> 0 | J5: =SUM(J6:J16) -> 0 | K5: =SUM(K6:K16) -> 0 | L5: =SUM(L6:L16) -> 0 | M5: =SUM(M6:M16) -> 0 | ... AE5: =SUM(AE6:AE16) -> 37 | AF5: 8 | AG5: =AE5+AE17+AE25+AE28+AE33+AE48+AE57+AE67+AE77+AE85+AE90+AE128+AE134+AE140+AE147+AE159+AE162+AE164+AE166+AE168+AE170+AE180+AE183+AE202+AE205+AE230+AE254+AE256 -> 403
B6: Máy đào CAT 305 bánh xích gàu 0.3m3 | C6: 45HP | D6: =IFERROR(VLOOKUP(B6,'Danh mục'!$G:$U,15,0),"") -> 5340 x 1980 x 1895 | E6: Xe | F6: =COUNTIFS('TỔNG KLH + TN'!$B:$B,'01. TH'!$B6,'TỔNG KLH + TN'!$C:$C,'01. TH'!F$4) -> 0 | G6: =COUNTIFS('TỔNG KLH + TN'!$B:$B,'01. TH'!$B6,'TỔNG KLH + TN'!$C:$C,'01. TH'!G$4) -> 0 | H6: =COUNTIFS('TỔNG KLH + TN'!$B:$B,'01. TH'!$B6,'TỔNG KLH + TN'!$C:$C,'01. TH'!H$4) -> 0 | I6: =COUNTIFS('TỔNG KLH + TN'!$B:$B,'01. TH'!$B6,'TỔNG KLH + TN'!$C:$C,'01. TH'!I$4) -> 0 | J6: =COUNTIFS('TỔNG KLH + TN'!$B:$B,'01. TH'!$B6,'TỔNG KLH + TN'!$C:$C,'01. TH'!J$4) -> 0 | K6: =COUNTIFS('TỔNG KLH + TN'!$B:$B,'01. TH'!$B6,'TỔNG KLH + TN'!$C:$C,'01. TH'!K$4) -> 0 | L6: =COUNTIFS('TỔNG KLH + TN'!$B:$B,'01. TH'!$B6,'TỔNG KLH + TN'!$C:$C,'01. TH'!L$4) -> 0 | M6: =COUNTIFS('TỔNG KLH + TN'!$B:$B,'01. TH'!$B6,'TỔNG KLH + TN'!$C:$C,'01. TH'!M$4) -> 0 | ... AD6: =COUNTIFS('TỔNG KLH + TN'!$B:$B,'01. TH'!$B6,'TỔNG KLH + TN'!$C:$C,'01. TH'!AD$4) -> 0 | AE6: =SUM(F6:AD6) -> 1 | AG6: =IF(AE6=SUM(F6:AD6),"ok","SAI") -> ok
B7: Máy đào DX140W bánh lốp gàu 0.7m3 | C7: 130HP | D7: =IFERROR(VLOOKUP(B7,'Danh mục'!$G:$U,15,0),"") -> 7235 x 2496 x 3351 | E7: Xe | F7: =COUNTIFS('TỔNG KLH + TN'!$B:$B,'01. TH'!$B7,'TỔNG KLH + TN'!$C:$C,'01. TH'!F$4) -> 2 | G7: =COUNTIFS('TỔNG KLH + TN'!$B:$B,'01. TH'!$B7,'TỔNG KLH + TN'!$C:$C,'01. TH'!G$4) -> 0 | H7: =COUNTIFS('TỔNG KLH + TN'!$B:$B,'01. TH'!$B7,'TỔNG KLH + TN'!$C:$C,'01. TH'!H$4) -> 0 | I7: =COUNTIFS('TỔNG KLH + TN'!$B:$B,'01. TH'!$B7,'TỔNG KLH + TN'!$C:$C,'01. TH'!I$4) -> 0 | J7: =COUNTIFS('TỔNG KLH + TN'!$B:$B,'01. TH'!$B7,'TỔNG KLH + TN'!$C:$C,'01. TH'!J$4) -> 0 | K7: =COUNTIFS('TỔNG KLH + TN'!$B:$B,'01. TH'!$B7,'TỔNG KLH + TN'!$C:$C,'01. TH'!K$4) -> 0 | L7: =COUNTIFS('TỔNG KLH + TN'!$B:$B,'01. TH'!$B7,'TỔNG KLH + TN'!$C:$C,'01. TH'!L$4) -> 0 | M7: =COUNTIFS('TỔNG KLH + TN'!$B:$B,'01. TH'!$B7,'TỔNG KLH + TN'!$C:$C,'01. TH'!M$4) -> 0 | ... AD7: =COUNTIFS('TỔNG KLH + TN'!$B:$B,'01. TH'!$B7,'TỔNG KLH + TN'!$C:$C,'01. TH'!AD$4) -> 0 | AE7: =SUM(F7:AD7) -> 6 | AG7: =IF(AE7=SUM(F7:AD7),"ok","SAI") -> ok
B8: Máy đào KOBELCO bánh xích gàu 1.2m3 | C8: 130HP | D8: =IFERROR(VLOOKUP(B8,'Danh mục'!$G:$U,15,0),"") -> 9560 x 2800 x 3160 | E8: Xe | F8: =COUNTIFS('TỔNG KLH + TN'!$B:$B,'01. TH'!$B8,'TỔNG KLH + TN'!$C:$C,'01. TH'!F$4) -> 1 | G8: =COUNTIFS('TỔNG KLH + TN'!$B:$B,'01. TH'!$B8,'TỔNG KLH + TN'!$C:$C,'01. TH'!G$4) -> 0 | H8: =COUNTIFS('TỔNG KLH + TN'!$B:$B,'01. TH'!$B8,'TỔNG KLH + TN'!$C:$C,'01. TH'!H$4) -> 0 | I8: =COUNTIFS('TỔNG KLH + TN'!$B:$B,'01. TH'!$B8,'TỔNG KLH + TN'!$C:$C,'01. TH'!I$4) -> 0 | J8: =COUNTIFS('TỔNG KLH + TN'!$B:$B,'01. TH'!$B8,'TỔNG KLH + TN'!$C:$C,'01. TH'!J$4) -> 0 | K8: =COUNTIFS('TỔNG KLH + TN'!$B:$B,'01. TH'!$B8,'TỔNG KLH + TN'!$C:$C,'01. TH'!K$4) -> 0 | L8: =COUNTIFS('TỔNG KLH + TN'!$B:$B,'01. TH'!$B8,'TỔNG KLH + TN'!$C:$C,'01. TH'!L$4) -> 0 | M8: =COUNTIFS('TỔNG KLH + TN'!$B:$B,'01. TH'!$B8,'TỔNG KLH + TN'!$C:$C,'01. TH'!M$4) -> 0 | ... AD8: =COUNTIFS('TỔNG KLH + TN'!$B:$B,'01. TH'!$B8,'TỔNG KLH + TN'!$C:$C,'01. TH'!AD$4) -> 0 | AE8: =SUM(F8:AD8) -> 1 | AG8: =IF(AE8=SUM(F8:AD8),"ok","SAI") -> ok
B9: Máy đào KOMATSU bánh lốp gàu 0.7m3 | C9: 130HP | D9: =IFERROR(VLOOKUP(B9,'Danh mục'!$G:$U,15,0),"") -> 8358 x 2540 x 3200 | E9: Xe | F9: =COUNTIFS('TỔNG KLH + TN'!$B:$B,'01. TH'!$B9,'TỔNG KLH + TN'!$C:$C,'01. TH'!F$4) -> 1 | G9: =COUNTIFS('TỔNG KLH + TN'!$B:$B,'01. TH'!$B9,'TỔNG KLH + TN'!$C:$C,'01. TH'!G$4) -> 0 | H9: =COUNTIFS('TỔNG KLH + TN'!$B:$B,'01. TH'!$B9,'TỔNG KLH + TN'!$C:$C,'01. TH'!H$4) -> 0 | I9: =COUNTIFS('TỔNG KLH + TN'!$B:$B,'01. TH'!$B9,'TỔNG KLH + TN'!$C:$C,'01. TH'!I$4) -> 0 | J9: =COUNTIFS('TỔNG KLH + TN'!$B:$B,'01. TH'!$B9,'TỔNG KLH + TN'!$C:$C,'01. TH'!J$4) -> 0 | K9: =COUNTIFS('TỔNG KLH + TN'!$B:$B,'01. TH'!$B9,'TỔNG KLH + TN'!$C:$C,'01. TH'!K$4) -> 0 | L9: =COUNTIFS('TỔNG KLH + TN'!$B:$B,'01. TH'!$B9,'TỔNG KLH + TN'!$C:$C,'01. TH'!L$4) -> 0 | M9: =COUNTIFS('TỔNG KLH + TN'!$B:$B,'01. TH'!$B9,'TỔNG KLH + TN'!$C:$C,'01. TH'!M$4) -> 0 | ... AD9: =COUNTIFS('TỔNG KLH + TN'!$B:$B,'01. TH'!$B9,'TỔNG KLH + TN'!$C:$C,'01. TH'!AD$4) -> 0 | AE9: =SUM(F9:AD9) -> 1 | AG9: =IF(AE9=SUM(F9:AD9),"ok","SAI") -> ok
B10: Máy đào KOMATSU bánh lốp gàu 0.8m3 | C10: 150HP | D10: =IFERROR(VLOOKUP(B10,'Danh mục'!$G:$U,15,0),"") -> 9660 x 2550 x 3985 | E10: Xe | F10: =COUNTIFS('TỔNG KLH + TN'!$B:$B,'01. TH'!$B10,'TỔNG KLH + TN'!$C:$C,'01. TH'!F$4) -> 1 | G10: =COUNTIFS('TỔNG KLH + TN'!$B:$B,'01. TH'!$B10,'TỔNG KLH + TN'!$C:$C,'01. TH'!G$4) -> 0 | H10: =COUNTIFS('TỔNG KLH + TN'!$B:$B,'01. TH'!$B10,'TỔNG KLH + TN'!$C:$C,'01. TH'!H$4) -> 0 | I10: =COUNTIFS('TỔNG KLH + TN'!$B:$B,'01. TH'!$B10,'TỔNG KLH + TN'!$C:$C,'01. TH'!I$4) -> 0 | J10: =COUNTIFS('TỔNG KLH + TN'!$B:$B,'01. TH'!$B10,'TỔNG KLH + TN'!$C:$C,'01. TH'!J$4) -> 0 | K10: =COUNTIFS('TỔNG KLH + TN'!$B:$B,'01. TH'!$B10,'TỔNG KLH + TN'!$C:$C,'01. TH'!K$4) -> 0 | L10: =COUNTIFS('TỔNG KLH + TN'!$B:$B,'01. TH'!$B10,'TỔNG KLH + TN'!$C:$C,'01. TH'!L$4) -> 0 | M10: =COUNTIFS('TỔNG KLH + TN'!$B:$B,'01. TH'!$B10,'TỔNG KLH + TN'!$C:$C,'01. TH'!M$4) -> 0 | ... AD10: =COUNTIFS('TỔNG KLH + TN'!$B:$B,'01. TH'!$B10,'TỔNG KLH + TN'!$C:$C,'01. TH'!AD$4) -> 0 | AE10: =SUM(F10:AD10) -> 1 | AG10: =IF(AE10=SUM(F10:AD10),"ok","SAI") -> ok
B11: Máy đào KOMATSU bánh xích gàu 0.3m3 | C11: 45HP | D11: =IFERROR(VLOOKUP(B11,'Danh mục'!$G:$U,15,0),"") -> 5260 x 1760 x 2415 | E11: Xe | F11: =COUNTIFS('TỔNG KLH + TN'!$B:$B,'01. TH'!$B11,'TỔNG KLH + TN'!$C:$C,'01. TH'!F$4) -> 8 | G11: =COUNTIFS('TỔNG KLH + TN'!$B:$B,'01. TH'!$B11,'TỔNG KLH + TN'!$C:$C,'01. TH'!G$4) -> 0 | H11: =COUNTIFS('TỔNG KLH + TN'!$B:$B,'01. TH'!$B11,'TỔNG KLH + TN'!$C:$C,'01. TH'!H$4) -> 0 | I11: =COUNTIFS('TỔNG KLH + TN'!$B:$B,'01. TH'!$B11,'TỔNG KLH + TN'!$C:$C,'01. TH'!I$4) -> 0 | J11: =COUNTIFS('TỔNG KLH + TN'!$B:$B,'01. TH'!$B11,'TỔNG KLH + TN'!$C:$C,'01. TH'!J$4) -> 0 | K11: =COUNTIFS('TỔNG KLH + TN'!$B:$B,'01. TH'!$B11,'TỔNG KLH + TN'!$C:$C,'01. TH'!K$4) -> 0 | L11: =COUNTIFS('TỔNG KLH + TN'!$B:$B,'01. TH'!$B11,'TỔNG KLH + TN'!$C:$C,'01. TH'!L$4) -> 0 | M11: =COUNTIFS('TỔNG KLH + TN'!$B:$B,'01. TH'!$B11,'TỔNG KLH + TN'!$C:$C,'01. TH'!M$4) -> 0 | ... AD11: =COUNTIFS('TỔNG KLH + TN'!$B:$B,'01. TH'!$B11,'TỔNG KLH + TN'!$C:$C,'01. TH'!AD$4) -> 0 | AE11: =SUM(F11:AD11) -> 12 | AG11: =IF(AE11=SUM(F11:AD11),"ok","SAI") -> ok
B12: Máy đào KOMATSU bánh xích gàu 0.8m3 | C12: 150HP | D12: =IFERROR(VLOOKUP(B12,'Danh mục'!$G:$U,15,0),"") -> 8700 x 2800 x 3010 | E12: Xe | F12: =COUNTIFS('TỔNG KLH + TN'!$B:$B,'01. TH'!$B12,'TỔNG KLH + TN'!$C:$C,'01. TH'!F$4) -> 1 | G12: =COUNTIFS('TỔNG KLH + TN'!$B:$B,'01. TH'!$B12,'TỔNG KLH + TN'!$C:$C,'01. TH'!G$4) -> 0 | H12: =COUNTIFS('TỔNG KLH + TN'!$B:$B,'01. TH'!$B12,'TỔNG KLH + TN'!$C:$C,'01. TH'!H$4) -> 0 | I12: =COUNTIFS('TỔNG KLH + TN'!$B:$B,'01. TH'!$B12,'TỔNG KLH + TN'!$C:$C,'01. TH'!I$4) -> 0 | J12: =COUNTIFS('TỔNG KLH + TN'!$B:$B,'01. TH'!$B12,'TỔNG KLH + TN'!$C:$C,'01. TH'!J$4) -> 0 | K12: =COUNTIFS('TỔNG KLH + TN'!$B:$B,'01. TH'!$B12,'TỔNG KLH + TN'!$C:$C,'01. TH'!K$4) -> 0 | L12: =COUNTIFS('TỔNG KLH + TN'!$B:$B,'01. TH'!$B12,'TỔNG KLH + TN'!$C:$C,'01. TH'!L$4) -> 0 | M12: =COUNTIFS('TỔNG KLH + TN'!$B:$B,'01. TH'!$B12,'TỔNG KLH + TN'!$C:$C,'01. TH'!M$4) -> 0 | ... AD12: =COUNTIFS('TỔNG KLH + TN'!$B:$B,'01. TH'!$B12,'TỔNG KLH + TN'!$C:$C,'01. TH'!AD$4) -> 0 | AE12: =SUM(F12:AD12) -> 4 | AG12: =IF(AE12=SUM(F12:AD12),"ok","SAI") -> ok
B13: Máy đào ROBEX 140W bánh lốp gàu 0.5m3 | C13: 130HP | D13: =IFERROR(VLOOKUP(B13,'Danh mục'!$G:$U,15,0),"") -> 7820 x 2500 x 3140 | E13: Xe | F13: =COUNTIFS('TỔNG KLH + TN'!$B:$B,'01. TH'!$B13,'TỔNG KLH + TN'!$C:$C,'01. TH'!F$4) -> 0 | G13: =COUNTIFS('TỔNG KLH + TN'!$B:$B,'01. TH'!$B13,'TỔNG KLH + TN'!$C:$C,'01. TH'!G$4) -> 0 | H13: =COUNTIFS('TỔNG KLH + TN'!$B:$B,'01. TH'!$B13,'TỔNG KLH + TN'!$C:$C,'01. TH'!H$4) -> 0 | I13: =COUNTIFS('TỔNG KLH + TN'!$B:$B,'01. TH'!$B13,'TỔNG KLH + TN'!$C:$C,'01. TH'!I$4) -> 0 | J13: =COUNTIFS('TỔNG KLH + TN'!$B:$B,'01. TH'!$B13,'TỔNG KLH + TN'!$C:$C,'01. TH'!J$4) -> 0 | K13: =COUNTIFS('TỔNG KLH + TN'!$B:$B,'01. TH'!$B13,'TỔNG KLH + TN'!$C:$C,'01. TH'!K$4) -> 0 | L13: =COUNTIFS('TỔNG KLH + TN'!$B:$B,'01. TH'!$B13,'TỔNG KLH + TN'!$C:$C,'01. TH'!L$4) -> 0 | M13: =COUNTIFS('TỔNG KLH + TN'!$B:$B,'01. TH'!$B13,'TỔNG KLH + TN'!$C:$C,'01. TH'!M$4) -> 0 | ... AD13: =COUNTIFS('TỔNG KLH + TN'!$B:$B,'01. TH'!$B13,'TỔNG KLH + TN'!$C:$C,'01. TH'!AD$4) -> 0 | AE13: =SUM(F13:AD13) -> 0 | AG13: =IF(AE13=SUM(F13:AD13),"ok","SAI") -> ok
B14: Máy đào SH130 bánh xích gàu 0.5m3 | C14: 130HP | D14: =IFERROR(VLOOKUP(B14,'Danh mục'!$G:$U,15,0),"") -> 7640 x 2590 x 2820 | E14: Xe | F14: =COUNTIFS('TỔNG KLH + TN'!$B:$B,'01. TH'!$B14,'TỔNG KLH + TN'!$C:$C,'01. TH'!F$4) -> 1 | G14: =COUNTIFS('TỔNG KLH + TN'!$B:$B,'01. TH'!$B14,'TỔNG KLH + TN'!$C:$C,'01. TH'!G$4) -> 0 | H14: =COUNTIFS('TỔNG KLH + TN'!$B:$B,'01. TH'!$B14,'TỔNG KLH + TN'!$C:$C,'01. TH'!H$4) -> 0 | I14: =COUNTIFS('TỔNG KLH + TN'!$B:$B,'01. TH'!$B14,'TỔNG KLH + TN'!$C:$C,'01. TH'!I$4) -> 0 | J14: =COUNTIFS('TỔNG KLH + TN'!$B:$B,'01. TH'!$B14,'TỔNG KLH + TN'!$C:$C,'01. TH'!J$4) -> 0 | K14: =COUNTIFS('TỔNG KLH + TN'!$B:$B,'01. TH'!$B14,'TỔNG KLH + TN'!$C:$C,'01. TH'!K$4) -> 0 | L14: =COUNTIFS('TỔNG KLH + TN'!$B:$B,'01. TH'!$B14,'TỔNG KLH + TN'!$C:$C,'01. TH'!L$4) -> 0 | M14: =COUNTIFS('TỔNG KLH + TN'!$B:$B,'01. TH'!$B14,'TỔNG KLH + TN'!$C:$C,'01. TH'!M$4) -> 0 | ... AD14: =COUNTIFS('TỔNG KLH + TN'!$B:$B,'01. TH'!$B14,'TỔNG KLH + TN'!$C:$C,'01. TH'!AD$4) -> 0 | AE14: =SUM(F14:AD14) -> 2 | AG14: =IF(AE14=SUM(F14:AD14),"ok","SAI") -> ok
B15: Máy đào SH210 bánh xích gàu 0.9m3 | C15: 160HP | D15: =IFERROR(VLOOKUP(B15,'Danh mục'!$G:$U,15,0),"") -> 9460 x 2800 x 3200 | E15: Xe | F15: =COUNTIFS('TỔNG KLH + TN'!$B:$B,'01. TH'!$B15,'TỔNG KLH + TN'!$C:$C,'01. TH'!F$4) -> 2 | G15: =COUNTIFS('TỔNG KLH + TN'!$B:$B,'01. TH'!$B15,'TỔNG KLH + TN'!$C:$C,'01. TH'!G$4) -> 0 | H15: =COUNTIFS('TỔNG KLH + TN'!$B:$B,'01. TH'!$B15,'TỔNG KLH + TN'!$C:$C,'01. TH'!H$4) -> 0 | I15: =COUNTIFS('TỔNG KLH + TN'!$B:$B,'01. TH'!$B15,'TỔNG KLH + TN'!$C:$C,'01. TH'!I$4) -> 0 | J15: =COUNTIFS('TỔNG KLH + TN'!$B:$B,'01. TH'!$B15,'TỔNG KLH + TN'!$C:$C,'01. TH'!J$4) -> 0 | K15: =COUNTIFS('TỔNG KLH + TN'!$B:$B,'01. TH'!$B15,'TỔNG KLH + TN'!$C:$C,'01. TH'!K$4) -> 0 | L15: =COUNTIFS('TỔNG KLH + TN'!$B:$B,'01. TH'!$B15,'TỔNG KLH + TN'!$C:$C,'01. TH'!L$4) -> 0 | M15: =COUNTIFS('TỔNG KLH + TN'!$B:$B,'01. TH'!$B15,'TỔNG KLH + TN'!$C:$C,'01. TH'!M$4) -> 0 | ... AD15: =COUNTIFS('TỔNG KLH + TN'!$B:$B,'01. TH'!$B15,'TỔNG KLH + TN'!$C:$C,'01. TH'!AD$4) -> 0 | AE15: =SUM(F15:AD15) -> 5 | AG15: =IF(AE15=SUM(F15:AD15),"ok","SAI") -> ok
B16: Máy đào U35 bánh xích gàu 0.3m3 | C16: 45HP | D16: =IFERROR(VLOOKUP(B16,'Danh mục'!$G:$U,15,0),"") -> 4749 x 1700 x 2470 | E16: Xe | F16: =COUNTIFS('TỔNG KLH + TN'!$B:$B,'01. TH'!$B16,'TỔNG KLH + TN'!$C:$C,'01. TH'!F$4) -> 0 | G16: =COUNTIFS('TỔNG KLH + TN'!$B:$B,'01. TH'!$B16,'TỔNG KLH + TN'!$C:$C,'01. TH'!G$4) -> 0 | H16: =COUNTIFS('TỔNG KLH + TN'!$B:$B,'01. TH'!$B16,'TỔNG KLH + TN'!$C:$C,'01. TH'!H$4) -> 0 | I16: =COUNTIFS('TỔNG KLH + TN'!$B:$B,'01. TH'!$B16,'TỔNG KLH + TN'!$C:$C,'01. TH'!I$4) -> 0 | J16: =COUNTIFS('TỔNG KLH + TN'!$B:$B,'01. TH'!$B16,'TỔNG KLH + TN'!$C:$C,'01. TH'!J$4) -> 0 | K16: =COUNTIFS('TỔNG KLH + TN'!$B:$B,'01. TH'!$B16,'TỔNG KLH + TN'!$C:$C,'01. TH'!K$4) -> 0 | L16: =COUNTIFS('TỔNG KLH + TN'!$B:$B,'01. TH'!$B16,'TỔNG KLH + TN'!$C:$C,'01. TH'!L$4) -> 0 | M16: =COUNTIFS('TỔNG KLH + TN'!$B:$B,'01. TH'!$B16,'TỔNG KLH + TN'!$C:$C,'01. TH'!M$4) -> 0 | ... AD16: =COUNTIFS('TỔNG KLH + TN'!$B:$B,'01. TH'!$B16,'TỔNG KLH + TN'!$C:$C,'01. TH'!AD$4) -> 0 | AE16: =SUM(F16:AD16) -> 4 | AG16: =IF(AE16=SUM(F16:AD16),"ok","SAI") -> ok
A17: 2 | B17: Máy ủi | D17: =IFERROR(VLOOKUP(B17,'Danh mục'!$G:$U,15,0),"") | F17: =SUM(F18:F24) -> 5 | G17: =SUM(G18:G24) -> 0 | H17: =SUM(H18:H24) -> 0 | I17: =SUM(I18:I24) -> 0 | J17: =SUM(J18:J24) -> 0 | K17: =SUM(K18:K24) -> 0 | L17: =SUM(L18:L24) -> 0 | M17: =SUM(M18:M24) -> 0 | ... AE17: =SUM(AE18:AE24) -> 15 | AF17: 5 | AG17: =IF(AE17=SUM(F17:AD17),"ok","SAI") -> ok
B18: Máy ủi KOMATSU D31PX | C18: 75HP | D18: =IFERROR(VLOOKUP(B18,'Danh mục'!$G:$U,15,0),"") -> 4200 x 2980 x 2720 | E18: Xe | F18: =COUNTIFS('TỔNG KLH + TN'!$B:$B,'01. TH'!$B18,'TỔNG KLH + TN'!$C:$C,'01. TH'!F$4) -> 2 | G18: =COUNTIFS('TỔNG KLH + TN'!$B:$B,'01. TH'!$B18,'TỔNG KLH + TN'!$C:$C,'01. TH'!G$4) -> 0 | H18: =COUNTIFS('TỔNG KLH + TN'!$B:$B,'01. TH'!$B18,'TỔNG KLH + TN'!$C:$C,'01. TH'!H$4) -> 0 | I18: =COUNTIFS('TỔNG KLH + TN'!$B:$B,'01. TH'!$B18,'TỔNG KLH + TN'!$C:$C,'01. TH'!I$4) -> 0 | J18: =COUNTIFS('TỔNG KLH + TN'!$B:$B,'01. TH'!$B18,'TỔNG KLH + TN'!$C:$C,'01. TH'!J$4) -> 0 | K18: =COUNTIFS('TỔNG KLH + TN'!$B:$B,'01. TH'!$B18,'TỔNG KLH + TN'!$C:$C,'01. TH'!K$4) -> 0 | L18: =COUNTIFS('TỔNG KLH + TN'!$B:$B,'01. TH'!$B18,'TỔNG KLH + TN'!$C:$C,'01. TH'!L$4) -> 0 | M18: =COUNTIFS('TỔNG KLH + TN'!$B:$B,'01. TH'!$B18,'TỔNG KLH + TN'!$C:$C,'01. TH'!M$4) -> 0 | ... AD18: =COUNTIFS('TỔNG KLH + TN'!$B:$B,'01. TH'!$B18,'TỔNG KLH + TN'!$C:$C,'01. TH'!AD$4) -> 0 | AE18: =SUM(F18:AD18) -> 8 | AG18: =IF(AE18=SUM(F18:AD18),"ok","SAI") -> ok
B19: Máy ủi KOMATSU D31PX-21 | C19: 75HP | D19: =IFERROR(VLOOKUP(B19,'Danh mục'!$G:$U,15,0),"") -> 4200 x 2980 x 2720 | E19: Xe | F19: =COUNTIFS('TỔNG KLH + TN'!$B:$B,'01. TH'!$B19,'TỔNG KLH + TN'!$C:$C,'01. TH'!F$4) -> 0 | G19: =COUNTIFS('TỔNG KLH + TN'!$B:$B,'01. TH'!$B19,'TỔNG KLH + TN'!$C:$C,'01. TH'!G$4) -> 0 | H19: =COUNTIFS('TỔNG KLH + TN'!$B:$B,'01. TH'!$B19,'TỔNG KLH + TN'!$C:$C,'01. TH'!H$4) -> 0 | I19: =COUNTIFS('TỔNG KLH + TN'!$B:$B,'01. TH'!$B19,'TỔNG KLH + TN'!$C:$C,'01. TH'!I$4) -> 0 | J19: =COUNTIFS('TỔNG KLH + TN'!$B:$B,'01. TH'!$B19,'TỔNG KLH + TN'!$C:$C,'01. TH'!J$4) -> 0 | K19: =COUNTIFS('TỔNG KLH + TN'!$B:$B,'01. TH'!$B19,'TỔNG KLH + TN'!$C:$C,'01. TH'!K$4) -> 0 | L19: =COUNTIFS('TỔNG KLH + TN'!$B:$B,'01. TH'!$B19,'TỔNG KLH + TN'!$C:$C,'01. TH'!L$4) -> 0 | M19: =COUNTIFS('TỔNG KLH + TN'!$B:$B,'01. TH'!$B19,'TỔNG KLH + TN'!$C:$C,'01. TH'!M$4) -> 0 | ... AD19: =COUNTIFS('TỔNG KLH + TN'!$B:$B,'01. TH'!$B19,'TỔNG KLH + TN'!$C:$C,'01. TH'!AD$4) -> 0 | AE19: =SUM(F19:AD19) -> 1 | AG19: =IF(AE19=SUM(F19:AD19),"ok","SAI") -> ok
B20: Máy ủi KOMATSU D60P | C20: 190HP | D20: =IFERROR(VLOOKUP(B20,'Danh mục'!$G:$U,15,0),"") -> 5585 x 3000 x 3055 | E20: Xe | F20: =COUNTIFS('TỔNG KLH + TN'!$B:$B,'01. TH'!$B20,'TỔNG KLH + TN'!$C:$C,'01. TH'!F$4) -> 0 | G20: =COUNTIFS('TỔNG KLH + TN'!$B:$B,'01. TH'!$B20,'TỔNG KLH + TN'!$C:$C,'01. TH'!G$4) -> 0 | H20: =COUNTIFS('TỔNG KLH + TN'!$B:$B,'01. TH'!$B20,'TỔNG KLH + TN'!$C:$C,'01. TH'!H$4) -> 0 | I20: =COUNTIFS('TỔNG KLH + TN'!$B:$B,'01. TH'!$B20,'TỔNG KLH + TN'!$C:$C,'01. TH'!I$4) -> 0 | J20: =COUNTIFS('TỔNG KLH + TN'!$B:$B,'01. TH'!$B20,'TỔNG KLH + TN'!$C:$C,'01. TH'!J$4) -> 0 | K20: =COUNTIFS('TỔNG KLH + TN'!$B:$B,'01. TH'!$B20,'TỔNG KLH + TN'!$C:$C,'01. TH'!K$4) -> 0 | L20: =COUNTIFS('TỔNG KLH + TN'!$B:$B,'01. TH'!$B20,'TỔNG KLH + TN'!$C:$C,'01. TH'!L$4) -> 0 | M20: =COUNTIFS('TỔNG KLH + TN'!$B:$B,'01. TH'!$B20,'TỔNG KLH + TN'!$C:$C,'01. TH'!M$4) -> 0 | ... AD20: =COUNTIFS('TỔNG KLH + TN'!$B:$B,'01. TH'!$B20,'TỔNG KLH + TN'!$C:$C,'01. TH'!AD$4) -> 0 | AE20: =SUM(F20:AD20) -> 1 | AG20: =IF(AE20=SUM(F20:AD20),"ok","SAI") -> ok
B21: Máy ủi KOMATSU D60P-12E | C21: 190HP | D21: =IFERROR(VLOOKUP(B21,'Danh mục'!$G:$U,15,0),"") -> 5585 x 3000 x 3055 | E21: Xe | F21: =COUNTIFS('TỔNG KLH + TN'!$B:$B,'01. TH'!$B21,'TỔNG KLH + TN'!$C:$C,'01. TH'!F$4) -> 2 | G21: =COUNTIFS('TỔNG KLH + TN'!$B:$B,'01. TH'!$B21,'TỔNG KLH + TN'!$C:$C,'01. TH'!G$4) -> 0 | H21: =COUNTIFS('TỔNG KLH + TN'!$B:$B,'01. TH'!$B21,'TỔNG KLH + TN'!$C:$C,'01. TH'!H$4) -> 0 | I21: =COUNTIFS('TỔNG KLH + TN'!$B:$B,'01. TH'!$B21,'TỔNG KLH + TN'!$C:$C,'01. TH'!I$4) -> 0 | J21: =COUNTIFS('TỔNG KLH + TN'!$B:$B,'01. TH'!$B21,'TỔNG KLH + TN'!$C:$C,'01. TH'!J$4) -> 0 | K21: =COUNTIFS('TỔNG KLH + TN'!$B:$B,'01. TH'!$B21,'TỔNG KLH + TN'!$C:$C,'01. TH'!K$4) -> 0 | L21: =COUNTIFS('TỔNG KLH + TN'!$B:$B,'01. TH'!$B21,'TỔNG KLH + TN'!$C:$C,'01. TH'!L$4) -> 0 | M21: =COUNTIFS('TỔNG KLH + TN'!$B:$B,'01. TH'!$B21,'TỔNG KLH + TN'!$C:$C,'01. TH'!M$4) -> 0 | ... AD21: =COUNTIFS('TỔNG KLH + TN'!$B:$B,'01. TH'!$B21,'TỔNG KLH + TN'!$C:$C,'01. TH'!AD$4) -> 0 | AE21: =SUM(F21:AD21) -> 2 | AG21: =IF(AE21=SUM(F21:AD21),"ok","SAI") -> ok
B22: Máy ủi KOMATSU D61 | C22: 155HP | D22: =IFERROR(VLOOKUP(B22,'Danh mục'!$G:$U,15,0),"") -> 5540 x 3860 x 3150 | E22: Xe | F22: =COUNTIFS('TỔNG KLH + TN'!$B:$B,'01. TH'!$B22,'TỔNG KLH + TN'!$C:$C,'01. TH'!F$4) -> 0 | G22: =COUNTIFS('TỔNG KLH + TN'!$B:$B,'01. TH'!$B22,'TỔNG KLH + TN'!$C:$C,'01. TH'!G$4) -> 0 | H22: =COUNTIFS('TỔNG KLH + TN'!$B:$B,'01. TH'!$B22,'TỔNG KLH + TN'!$C:$C,'01. TH'!H$4) -> 0 | I22: =COUNTIFS('TỔNG KLH + TN'!$B:$B,'01. TH'!$B22,'TỔNG KLH + TN'!$C:$C,'01. TH'!I$4) -> 0 | J22: =COUNTIFS('TỔNG KLH + TN'!$B:$B,'01. TH'!$B22,'TỔNG KLH + TN'!$C:$C,'01. TH'!J$4) -> 0 | K22: =COUNTIFS('TỔNG KLH + TN'!$B:$B,'01. TH'!$B22,'TỔNG KLH + TN'!$C:$C,'01. TH'!K$4) -> 0 | L22: =COUNTIFS('TỔNG KLH + TN'!$B:$B,'01. TH'!$B22,'TỔNG KLH + TN'!$C:$C,'01. TH'!L$4) -> 0 | M22: =COUNTIFS('TỔNG KLH + TN'!$B:$B,'01. TH'!$B22,'TỔNG KLH + TN'!$C:$C,'01. TH'!M$4) -> 0 | ... AD22: =COUNTIFS('TỔNG KLH + TN'!$B:$B,'01. TH'!$B22,'TỔNG KLH + TN'!$C:$C,'01. TH'!AD$4) -> 0 | AE22: =SUM(F22:AD22) -> 1 | AG22: =IF(AE22=SUM(F22:AD22),"ok","SAI") -> ok
B23: Máy ủi KOMATSU D65P-12 | C23: 190HP | D23: =IFERROR(VLOOKUP(B23,'Danh mục'!$G:$U,15,0),"") -> 5550 x 3970 x 3090 | E23: Xe | F23: =COUNTIFS('TỔNG KLH + TN'!$B:$B,'01. TH'!$B23,'TỔNG KLH + TN'!$C:$C,'01. TH'!F$4) -> 1 | G23: =COUNTIFS('TỔNG KLH + TN'!$B:$B,'01. TH'!$B23,'TỔNG KLH + TN'!$C:$C,'01. TH'!G$4) -> 0 | H23: =COUNTIFS('TỔNG KLH + TN'!$B:$B,'01. TH'!$B23,'TỔNG KLH + TN'!$C:$C,'01. TH'!H$4) -> 0 | I23: =COUNTIFS('TỔNG KLH + TN'!$B:$B,'01. TH'!$B23,'TỔNG KLH + TN'!$C:$C,'01. TH'!I$4) -> 0 | J23: =COUNTIFS('TỔNG KLH + TN'!$B:$B,'01. TH'!$B23,'TỔNG KLH + TN'!$C:$C,'01. TH'!J$4) -> 0 | K23: =COUNTIFS('TỔNG KLH + TN'!$B:$B,'01. TH'!$B23,'TỔNG KLH + TN'!$C:$C,'01. TH'!K$4) -> 0 | L23: =COUNTIFS('TỔNG KLH + TN'!$B:$B,'01. TH'!$B23,'TỔNG KLH + TN'!$C:$C,'01. TH'!L$4) -> 0 | M23: =COUNTIFS('TỔNG KLH + TN'!$B:$B,'01. TH'!$B23,'TỔNG KLH + TN'!$C:$C,'01. TH'!M$4) -> 0 | ... AD23: =COUNTIFS('TỔNG KLH + TN'!$B:$B,'01. TH'!$B23,'TỔNG KLH + TN'!$C:$C,'01. TH'!AD$4) -> 0 | AE23: =SUM(F23:AD23) -> 1 | AG23: =IF(AE23=SUM(F23:AD23),"ok","SAI") -> ok
B24: Máy ủi KOMATSU D65PX-12 | C24: 190HP | D24: =IFERROR(VLOOKUP(B24,'Danh mục'!$G:$U,15,0),"") -> 5550 x 3970 x 3090 | E24: Xe | F24: =COUNTIFS('TỔNG KLH + TN'!$B:$B,'01. TH'!$B24,'TỔNG KLH + TN'!$C:$C,'01. TH'!F$4) -> 0 | G24: =COUNTIFS('TỔNG KLH + TN'!$B:$B,'01. TH'!$B24,'TỔNG KLH + TN'!$C:$C,'01. TH'!G$4) -> 0 | H24: =COUNTIFS('TỔNG KLH + TN'!$B:$B,'01. TH'!$B24,'TỔNG KLH + TN'!$C:$C,'01. TH'!H$4) -> 0 | I24: =COUNTIFS('TỔNG KLH + TN'!$B:$B,'01. TH'!$B24,'TỔNG KLH + TN'!$C:$C,'01. TH'!I$4) -> 0 | J24: =COUNTIFS('TỔNG KLH + TN'!$B:$B,'01. TH'!$B24,'TỔNG KLH + TN'!$C:$C,'01. TH'!J$4) -> 0 | K24: =COUNTIFS('TỔNG KLH + TN'!$B:$B,'01. TH'!$B24,'TỔNG KLH + TN'!$C:$C,'01. TH'!K$4) -> 0 | L24: =COUNTIFS('TỔNG KLH + TN'!$B:$B,'01. TH'!$B24,'TỔNG KLH + TN'!$C:$C,'01. TH'!L$4) -> 0 | M24: =COUNTIFS('TỔNG KLH + TN'!$B:$B,'01. TH'!$B24,'TỔNG KLH + TN'!$C:$C,'01. TH'!M$4) -> 0 | ... AD24: =COUNTIFS('TỔNG KLH + TN'!$B:$B,'01. TH'!$B24,'TỔNG KLH + TN'!$C:$C,'01. TH'!AD$4) -> 0 | AE24: =SUM(F24:AD24) -> 1 | AG24: =IF(AE24=SUM(F24:AD24),"ok","SAI") -> ok
A25: 3 | B25: Xe ban | D25: =IFERROR(VLOOKUP(B25,'Danh mục'!$G:$U,15,0),"") | F25: =SUM(F26:F27) -> 2 | G25: =SUM(G26:G27) -> 0 | H25: =SUM(H26:H27) -> 0 | I25: =SUM(I26:I27) -> 0 | J25: =SUM(J26:J27) -> 0 | K25: =SUM(K26:K27) -> 0 | L25: =SUM(L26:L27) -> 0 | M25: =SUM(M26:M27) -> 0 | ... AE25: =SUM(AE26:AE27) -> 5 | AF25: 2 | AG25: =IF(AE25=SUM(F25:AD25),"ok","SAI") -> ok
B26: Xe ban Komatsu 705A | C26: 200HP | D26: =IFERROR(VLOOKUP(B26,'Danh mục'!$G:$U,15,0),"") -> 11050 x 2790 x 3260 | E26: Xe | F26: =COUNTIFS('TỔNG KLH + TN'!$B:$B,'01. TH'!$B26,'TỔNG KLH + TN'!$C:$C,'01. TH'!F$4) -> 1 | G26: =COUNTIFS('TỔNG KLH + TN'!$B:$B,'01. TH'!$B26,'TỔNG KLH + TN'!$C:$C,'01. TH'!G$4) -> 0 | H26: =COUNTIFS('TỔNG KLH + TN'!$B:$B,'01. TH'!$B26,'TỔNG KLH + TN'!$C:$C,'01. TH'!H$4) -> 0 | I26: =COUNTIFS('TỔNG KLH + TN'!$B:$B,'01. TH'!$B26,'TỔNG KLH + TN'!$C:$C,'01. TH'!I$4) -> 0 | J26: =COUNTIFS('TỔNG KLH + TN'!$B:$B,'01. TH'!$B26,'TỔNG KLH + TN'!$C:$C,'01. TH'!J$4) -> 0 | K26: =COUNTIFS('TỔNG KLH + TN'!$B:$B,'01. TH'!$B26,'TỔNG KLH + TN'!$C:$C,'01. TH'!K$4) -> 0 | L26: =COUNTIFS('TỔNG KLH + TN'!$B:$B,'01. TH'!$B26,'TỔNG KLH + TN'!$C:$C,'01. TH'!L$4) -> 0 | M26: =COUNTIFS('TỔNG KLH + TN'!$B:$B,'01. TH'!$B26,'TỔNG KLH + TN'!$C:$C,'01. TH'!M$4) -> 0 | ... AD26: =COUNTIFS('TỔNG KLH + TN'!$B:$B,'01. TH'!$B26,'TỔNG KLH + TN'!$C:$C,'01. TH'!AD$4) -> 0 | AE26: =SUM(F26:AD26) -> 1 | AG26: =IF(AE26=SUM(F26:AD26),"ok","SAI") -> ok
B27: Xe ban KOMATSU GD605A | C27: 145HPP | D27: =IFERROR(VLOOKUP(B27,'Danh mục'!$G:$U,15,0),"") -> 8420 x 2375 x 3240 | E27: Xe | F27: =COUNTIFS('TỔNG KLH + TN'!$B:$B,'01. TH'!$B27,'TỔNG KLH + TN'!$C:$C,'01. TH'!F$4) -> 1 | G27: =COUNTIFS('TỔNG KLH + TN'!$B:$B,'01. TH'!$B27,'TỔNG KLH + TN'!$C:$C,'01. TH'!G$4) -> 0 | H27: =COUNTIFS('TỔNG KLH + TN'!$B:$B,'01. TH'!$B27,'TỔNG KLH + TN'!$C:$C,'01. TH'!H$4) -> 0 | I27: =COUNTIFS('TỔNG KLH + TN'!$B:$B,'01. TH'!$B27,'TỔNG KLH + TN'!$C:$C,'01. TH'!I$4) -> 0 | J27: =COUNTIFS('TỔNG KLH + TN'!$B:$B,'01. TH'!$B27,'TỔNG KLH + TN'!$C:$C,'01. TH'!J$4) -> 0 | K27: =COUNTIFS('TỔNG KLH + TN'!$B:$B,'01. TH'!$B27,'TỔNG KLH + TN'!$C:$C,'01. TH'!K$4) -> 0 | L27: =COUNTIFS('TỔNG KLH + TN'!$B:$B,'01. TH'!$B27,'TỔNG KLH + TN'!$C:$C,'01. TH'!L$4) -> 0 | M27: =COUNTIFS('TỔNG KLH + TN'!$B:$B,'01. TH'!$B27,'TỔNG KLH + TN'!$C:$C,'01. TH'!M$4) -> 0 | ... AD27: =COUNTIFS('TỔNG KLH + TN'!$B:$B,'01. TH'!$B27,'TỔNG KLH + TN'!$C:$C,'01. TH'!AD$4) -> 0 | AE27: =SUM(F27:AD27) -> 4 | AG27: =IF(AE27=SUM(F27:AD27),"ok","SAI") -> ok
A28: 4 | B28: Xe lu | D28: =IFERROR(VLOOKUP(B28,'Danh mục'!$G:$U,15,0),"") | F28: =SUM(F29:F32) -> 3 | G28: =SUM(G29:G32) -> 0 | H28: =SUM(H29:H32) -> 0 | I28: =SUM(I29:I32) -> 0 | J28: =SUM(J29:J32) -> 0 | K28: =SUM(K29:K32) -> 0 | L28: =SUM(L29:L32) -> 0 | M28: =SUM(M29:M32) -> 0 | ... AE28: =SUM(AE29:AE32) -> 8 | AF28: 3 | AG28: =IF(AE28=SUM(F28:AD28),"ok","SAI") -> ok
B29: Xe lu rung DYNAPAC 5 tấn | C29: 75HP | D29: =IFERROR(VLOOKUP(B29,'Danh mục'!$G:$U,15,0),"") -> 3100 x 1400 x 1585 | E29: Xe | F29: =COUNTIFS('TỔNG KLH + TN'!$B:$B,'01. TH'!$B29,'TỔNG KLH + TN'!$C:$C,'01. TH'!F$4) -> 1 | G29: =COUNTIFS('TỔNG KLH + TN'!$B:$B,'01. TH'!$B29,'TỔNG KLH + TN'!$C:$C,'01. TH'!G$4) -> 0 | H29: =COUNTIFS('TỔNG KLH + TN'!$B:$B,'01. TH'!$B29,'TỔNG KLH + TN'!$C:$C,'01. TH'!H$4) -> 0 | I29: =COUNTIFS('TỔNG KLH + TN'!$B:$B,'01. TH'!$B29,'TỔNG KLH + TN'!$C:$C,'01. TH'!I$4) -> 0 | J29: =COUNTIFS('TỔNG KLH + TN'!$B:$B,'01. TH'!$B29,'TỔNG KLH + TN'!$C:$C,'01. TH'!J$4) -> 0 | K29: =COUNTIFS('TỔNG KLH + TN'!$B:$B,'01. TH'!$B29,'TỔNG KLH + TN'!$C:$C,'01. TH'!K$4) -> 0 | L29: =COUNTIFS('TỔNG KLH + TN'!$B:$B,'01. TH'!$B29,'TỔNG KLH + TN'!$C:$C,'01. TH'!L$4) -> 0 | M29: =COUNTIFS('TỔNG KLH + TN'!$B:$B,'01. TH'!$B29,'TỔNG KLH + TN'!$C:$C,'01. TH'!M$4) -> 0 | ... AD29: =COUNTIFS('TỔNG KLH + TN'!$B:$B,'01. TH'!$B29,'TỔNG KLH + TN'!$C:$C,'01. TH'!AD$4) -> 0 | AE29: =SUM(F29:AD29) -> 1 | AG29: =IF(AE29=SUM(F29:AD29),"ok","SAI") -> ok
B30: Xe lu rung Sakai 3.5 tấn | C30: 30HP | D30: =IFERROR(VLOOKUP(B30,'Danh mục'!$G:$U,15,0),"") -> 2625 x 1290 x 1570 | E30: Xe | F30: =COUNTIFS('TỔNG KLH + TN'!$B:$B,'01. TH'!$B30,'TỔNG KLH + TN'!$C:$C,'01. TH'!F$4) -> 0 | G30: =COUNTIFS('TỔNG KLH + TN'!$B:$B,'01. TH'!$B30,'TỔNG KLH + TN'!$C:$C,'01. TH'!G$4) -> 0 | H30: =COUNTIFS('TỔNG KLH + TN'!$B:$B,'01. TH'!$B30,'TỔNG KLH + TN'!$C:$C,'01. TH'!H$4) -> 0 | I30: =COUNTIFS('TỔNG KLH + TN'!$B:$B,'01. TH'!$B30,'TỔNG KLH + TN'!$C:$C,'01. TH'!I$4) -> 0 | J30: =COUNTIFS('TỔNG KLH + TN'!$B:$B,'01. TH'!$B30,'TỔNG KLH + TN'!$C:$C,'01. TH'!J$4) -> 0 | K30: =COUNTIFS('TỔNG KLH + TN'!$B:$B,'01. TH'!$B30,'TỔNG KLH + TN'!$C:$C,'01. TH'!K$4) -> 0 | L30: =COUNTIFS('TỔNG KLH + TN'!$B:$B,'01. TH'!$B30,'TỔNG KLH + TN'!$C:$C,'01. TH'!L$4) -> 0 | M30: =COUNTIFS('TỔNG KLH + TN'!$B:$B,'01. TH'!$B30,'TỔNG KLH + TN'!$C:$C,'01. TH'!M$4) -> 0 | ... AD30: =COUNTIFS('TỔNG KLH + TN'!$B:$B,'01. TH'!$B30,'TỔNG KLH + TN'!$C:$C,'01. TH'!AD$4) -> 0 | AE30: =SUM(F30:AD30) -> 1 | AG30: =IF(AE30=SUM(F30:AD30),"ok","SAI") -> ok
B31: Xe lu rung SV521DH 11 tấn | C31: 112HP | D31: =IFERROR(VLOOKUP(B31,'Danh mục'!$G:$U,15,0),"") -> 5810 x 2300 x 2860 | E31: Xe | F31: =COUNTIFS('TỔNG KLH + TN'!$B:$B,'01. TH'!$B31,'TỔNG KLH + TN'!$C:$C,'01. TH'!F$4) -> 1 | G31: =COUNTIFS('TỔNG KLH + TN'!$B:$B,'01. TH'!$B31,'TỔNG KLH + TN'!$C:$C,'01. TH'!G$4) -> 0 | H31: =COUNTIFS('TỔNG KLH + TN'!$B:$B,'01. TH'!$B31,'TỔNG KLH + TN'!$C:$C,'01. TH'!H$4) -> 0 | I31: =COUNTIFS('TỔNG KLH + TN'!$B:$B,'01. TH'!$B31,'TỔNG KLH + TN'!$C:$C,'01. TH'!I$4) -> 0 | J31: =COUNTIFS('TỔNG KLH + TN'!$B:$B,'01. TH'!$B31,'TỔNG KLH + TN'!$C:$C,'01. TH'!J$4) -> 0 | K31: =COUNTIFS('TỔNG KLH + TN'!$B:$B,'01. TH'!$B31,'TỔNG KLH + TN'!$C:$C,'01. TH'!K$4) -> 0 | L31: =COUNTIFS('TỔNG KLH + TN'!$B:$B,'01. TH'!$B31,'TỔNG KLH + TN'!$C:$C,'01. TH'!L$4) -> 0 | M31: =COUNTIFS('TỔNG KLH + TN'!$B:$B,'01. TH'!$B31,'TỔNG KLH + TN'!$C:$C,'01. TH'!M$4) -> 0 | ... AD31: =COUNTIFS('TỔNG KLH + TN'!$B:$B,'01. TH'!$B31,'TỔNG KLH + TN'!$C:$C,'01. TH'!AD$4) -> 0 | AE31: =SUM(F31:AD31) -> 3 | AG31: =IF(AE31=SUM(F31:AD31),"ok","SAI") -> ok
B32: Xe lu tĩnh R2 10 tấn | C32: 75HP | D32: =IFERROR(VLOOKUP(B32,'Danh mục'!$G:$U,15,0),"") -> 5020 x 2000 x 3115 | E32: Xe | F32: =COUNTIFS('TỔNG KLH + TN'!$B:$B,'01. TH'!$B32,'TỔNG KLH + TN'!$C:$C,'01. TH'!F$4) -> 1 | G32: =COUNTIFS('TỔNG KLH + TN'!$B:$B,'01. TH'!$B32,'TỔNG KLH + TN'!$C:$C,'01. TH'!G$4) -> 0 | H32: =COUNTIFS('TỔNG KLH + TN'!$B:$B,'01. TH'!$B32,'TỔNG KLH + TN'!$C:$C,'01. TH'!H$4) -> 0 | I32: =COUNTIFS('TỔNG KLH + TN'!$B:$B,'01. TH'!$B32,'TỔNG KLH + TN'!$C:$C,'01. TH'!I$4) -> 0 | J32: =COUNTIFS('TỔNG KLH + TN'!$B:$B,'01. TH'!$B32,'TỔNG KLH + TN'!$C:$C,'01. TH'!J$4) -> 0 | K32: =COUNTIFS('TỔNG KLH + TN'!$B:$B,'01. TH'!$B32,'TỔNG KLH + TN'!$C:$C,'01. TH'!K$4) -> 0 | L32: =COUNTIFS('TỔNG KLH + TN'!$B:$B,'01. TH'!$B32,'TỔNG KLH + TN'!$C:$C,'01. TH'!L$4) -> 0 | M32: =COUNTIFS('TỔNG KLH + TN'!$B:$B,'01. TH'!$B32,'TỔNG KLH + TN'!$C:$C,'01. TH'!M$4) -> 0 | ... AD32: =COUNTIFS('TỔNG KLH + TN'!$B:$B,'01. TH'!$B32,'TỔNG KLH + TN'!$C:$C,'01. TH'!AD$4) -> 0 | AE32: =SUM(F32:AD32) -> 3 | AG32: =IF(AE32=SUM(F32:AD32),"ok","SAI") -> ok
A33: 5 | B33: Xe xúc lật | D33: =IFERROR(VLOOKUP(B33,'Danh mục'!$G:$U,15,0),"") | F33: =SUM(F34:F47) -> 0 | G33: =SUM(G34:G47) -> 0 | H33: =SUM(H34:H47) -> 0 | I33: =SUM(I34:I47) -> 0 | J33: =SUM(J34:J47) -> 0 | K33: =SUM(K34:K47) -> 0 | L33: =SUM(L34:L47) -> 0 | M33: =SUM(M34:M47) -> 0 | ... AE33: =SUM(AE34:AE47) -> 1 | AF33: 6 | AG33: =IF(AE33=SUM(F33:AD33),"ok","SAI") -> ok
B34: Xe xúc lật BOBCAT 753 | C34: 44HP | D34: =IFERROR(VLOOKUP(B34,'Danh mục'!$G:$U,15,0),"") | E34: Xe | F34: =COUNTIFS('TỔNG KLH + TN'!$B:$B,'01. TH'!$B34,'TỔNG KLH + TN'!$C:$C,'01. TH'!F$4) -> 0 | G34: =COUNTIFS('TỔNG KLH + TN'!$B:$B,'01. TH'!$B34,'TỔNG KLH + TN'!$C:$C,'01. TH'!G$4) -> 0 | H34: =COUNTIFS('TỔNG KLH + TN'!$B:$B,'01. TH'!$B34,'TỔNG KLH + TN'!$C:$C,'01. TH'!H$4) -> 0 | I34: =COUNTIFS('TỔNG KLH + TN'!$B:$B,'01. TH'!$B34,'TỔNG KLH + TN'!$C:$C,'01. TH'!I$4) -> 0 | J34: =COUNTIFS('TỔNG KLH + TN'!$B:$B,'01. TH'!$B34,'TỔNG KLH + TN'!$C:$C,'01. TH'!J$4) -> 0 | K34: =COUNTIFS('TỔNG KLH + TN'!$B:$B,'01. TH'!$B34,'TỔNG KLH + TN'!$C:$C,'01. TH'!K$4) -> 0 | L34: =COUNTIFS('TỔNG KLH + TN'!$B:$B,'01. TH'!$B34,'TỔNG KLH + TN'!$C:$C,'01. TH'!L$4) -> 0 | M34: =COUNTIFS('TỔNG KLH + TN'!$B:$B,'01. TH'!$B34,'TỔNG KLH + TN'!$C:$C,'01. TH'!M$4) -> 0 | ... AD34: =COUNTIFS('TỔNG KLH + TN'!$B:$B,'01. TH'!$B34,'TỔNG KLH + TN'!$C:$C,'01. TH'!AD$4) -> 0 | AE34: =SUM(F34:AD34) -> 0 | AG34: =IF(AE34=SUM(F34:AD34),"ok","SAI") -> ok
B35: Xe xúc lật BOBCAT 763 | C35: 46HP | D35: =IFERROR(VLOOKUP(B35,'Danh mục'!$G:$U,15,0),"") | E35: Xe | F35: =COUNTIFS('TỔNG KLH + TN'!$B:$B,'01. TH'!$B35,'TỔNG KLH + TN'!$C:$C,'01. TH'!F$4) -> 0 | G35: =COUNTIFS('TỔNG KLH + TN'!$B:$B,'01. TH'!$B35,'TỔNG KLH + TN'!$C:$C,'01. TH'!G$4) -> 0 | H35: =COUNTIFS('TỔNG KLH + TN'!$B:$B,'01. TH'!$B35,'TỔNG KLH + TN'!$C:$C,'01. TH'!H$4) -> 0 | I35: =COUNTIFS('TỔNG KLH + TN'!$B:$B,'01. TH'!$B35,'TỔNG KLH + TN'!$C:$C,'01. TH'!I$4) -> 0 | J35: =COUNTIFS('TỔNG KLH + TN'!$B:$B,'01. TH'!$B35,'TỔNG KLH + TN'!$C:$C,'01. TH'!J$4) -> 0 | K35: =COUNTIFS('TỔNG KLH + TN'!$B:$B,'01. TH'!$B35,'TỔNG KLH + TN'!$C:$C,'01. TH'!K$4) -> 0 | L35: =COUNTIFS('TỔNG KLH + TN'!$B:$B,'01. TH'!$B35,'TỔNG KLH + TN'!$C:$C,'01. TH'!L$4) -> 0 | M35: =COUNTIFS('TỔNG KLH + TN'!$B:$B,'01. TH'!$B35,'TỔNG KLH + TN'!$C:$C,'01. TH'!M$4) -> 0 | ... AD35: =COUNTIFS('TỔNG KLH + TN'!$B:$B,'01. TH'!$B35,'TỔNG KLH + TN'!$C:$C,'01. TH'!AD$4) -> 0 | AE35: =SUM(F35:AD35) -> 0 | AG35: =IF(AE35=SUM(F35:AD35),"ok","SAI") -> ok
B36: Xe xúc lật L935H | C36: 140HP | D36: =IFERROR(VLOOKUP(B36,'Danh mục'!$G:$U,15,0),"") | E36: Xe | F36: =COUNTIFS('TỔNG KLH + TN'!$B:$B,'01. TH'!$B36,'TỔNG KLH + TN'!$C:$C,'01. TH'!F$4) -> 0 | G36: =COUNTIFS('TỔNG KLH + TN'!$B:$B,'01. TH'!$B36,'TỔNG KLH + TN'!$C:$C,'01. TH'!G$4) -> 0 | H36: =COUNTIFS('TỔNG KLH + TN'!$B:$B,'01. TH'!$B36,'TỔNG KLH + TN'!$C:$C,'01. TH'!H$4) -> 0 | I36: =COUNTIFS('TỔNG KLH + TN'!$B:$B,'01. TH'!$B36,'TỔNG KLH + TN'!$C:$C,'01. TH'!I$4) -> 0 | J36: =COUNTIFS('TỔNG KLH + TN'!$B:$B,'01. TH'!$B36,'TỔNG KLH + TN'!$C:$C,'01. TH'!J$4) -> 0 | K36: =COUNTIFS('TỔNG KLH + TN'!$B:$B,'01. TH'!$B36,'TỔNG KLH + TN'!$C:$C,'01. TH'!K$4) -> 0 | L36: =COUNTIFS('TỔNG KLH + TN'!$B:$B,'01. TH'!$B36,'TỔNG KLH + TN'!$C:$C,'01. TH'!L$4) -> 0 | M36: =COUNTIFS('TỔNG KLH + TN'!$B:$B,'01. TH'!$B36,'TỔNG KLH + TN'!$C:$C,'01. TH'!M$4) -> 0 | ... AD36: =COUNTIFS('TỔNG KLH + TN'!$B:$B,'01. TH'!$B36,'TỔNG KLH + TN'!$C:$C,'01. TH'!AD$4) -> 0 | AE36: =SUM(F36:AD36) -> 0 | AG36: =IF(AE36=SUM(F36:AD36),"ok","SAI") -> ok
B37: Xe xúc lật LEHMAN ZL940G | C37: 115HP | D37: =IFERROR(VLOOKUP(B37,'Danh mục'!$G:$U,15,0),"") | E37: Xe | F37: =COUNTIFS('TỔNG KLH + TN'!$B:$B,'01. TH'!$B37,'TỔNG KLH + TN'!$C:$C,'01. TH'!F$4) -> 0 | G37: =COUNTIFS('TỔNG KLH + TN'!$B:$B,'01. TH'!$B37,'TỔNG KLH + TN'!$C:$C,'01. TH'!G$4) -> 0 | H37: =COUNTIFS('TỔNG KLH + TN'!$B:$B,'01. TH'!$B37,'TỔNG KLH + TN'!$C:$C,'01. TH'!H$4) -> 0 | I37: =COUNTIFS('TỔNG KLH + TN'!$B:$B,'01. TH'!$B37,'TỔNG KLH + TN'!$C:$C,'01. TH'!I$4) -> 0 | J37: =COUNTIFS('TỔNG KLH + TN'!$B:$B,'01. TH'!$B37,'TỔNG KLH + TN'!$C:$C,'01. TH'!J$4) -> 0 | K37: =COUNTIFS('TỔNG KLH + TN'!$B:$B,'01. TH'!$B37,'TỔNG KLH + TN'!$C:$C,'01. TH'!K$4) -> 0 | L37: =COUNTIFS('TỔNG KLH + TN'!$B:$B,'01. TH'!$B37,'TỔNG KLH + TN'!$C:$C,'01. TH'!L$4) -> 0 | M37: =COUNTIFS('TỔNG KLH + TN'!$B:$B,'01. TH'!$B37,'TỔNG KLH + TN'!$C:$C,'01. TH'!M$4) -> 0 | ... AD37: =COUNTIFS('TỔNG KLH + TN'!$B:$B,'01. TH'!$B37,'TỔNG KLH + TN'!$C:$C,'01. TH'!AD$4) -> 0 | AE37: =SUM(F37:AD37) -> 0 | AG37: =IF(AE37=SUM(F37:AD37),"ok","SAI") -> ok
B38: Xe xúc lật LEHMAN ZL946E | C38: 114HP | D38: =IFERROR(VLOOKUP(B38,'Danh mục'!$G:$U,15,0),"") | E38: Xe | F38: =COUNTIFS('TỔNG KLH + TN'!$B:$B,'01. TH'!$B38,'TỔNG KLH + TN'!$C:$C,'01. TH'!F$4) -> 0 | G38: =COUNTIFS('TỔNG KLH + TN'!$B:$B,'01. TH'!$B38,'TỔNG KLH + TN'!$C:$C,'01. TH'!G$4) -> 0 | H38: =COUNTIFS('TỔNG KLH + TN'!$B:$B,'01. TH'!$B38,'TỔNG KLH + TN'!$C:$C,'01. TH'!H$4) -> 0 | I38: =COUNTIFS('TỔNG KLH + TN'!$B:$B,'01. TH'!$B38,'TỔNG KLH + TN'!$C:$C,'01. TH'!I$4) -> 0 | J38: =COUNTIFS('TỔNG KLH + TN'!$B:$B,'01. TH'!$B38,'TỔNG KLH + TN'!$C:$C,'01. TH'!J$4) -> 0 | K38: =COUNTIFS('TỔNG KLH + TN'!$B:$B,'01. TH'!$B38,'TỔNG KLH + TN'!$C:$C,'01. TH'!K$4) -> 0 | L38: =COUNTIFS('TỔNG KLH + TN'!$B:$B,'01. TH'!$B38,'TỔNG KLH + TN'!$C:$C,'01. TH'!L$4) -> 0 | M38: =COUNTIFS('TỔNG KLH + TN'!$B:$B,'01. TH'!$B38,'TỔNG KLH + TN'!$C:$C,'01. TH'!M$4) -> 0 | ... AD38: =COUNTIFS('TỔNG KLH + TN'!$B:$B,'01. TH'!$B38,'TỔNG KLH + TN'!$C:$C,'01. TH'!AD$4) -> 0 | AE38: =SUM(F38:AD38) -> 0 | AG38: =IF(AE38=SUM(F38:AD38),"ok","SAI") -> ok
B39: Xe xúc lật LEHMAN ZL946GP | C39: 114HP | D39: =IFERROR(VLOOKUP(B39,'Danh mục'!$G:$U,15,0),"") | E39: Xe | F39: =COUNTIFS('TỔNG KLH + TN'!$B:$B,'01. TH'!$B39,'TỔNG KLH + TN'!$C:$C,'01. TH'!F$4) -> 0 | G39: =COUNTIFS('TỔNG KLH + TN'!$B:$B,'01. TH'!$B39,'TỔNG KLH + TN'!$C:$C,'01. TH'!G$4) -> 0 | H39: =COUNTIFS('TỔNG KLH + TN'!$B:$B,'01. TH'!$B39,'TỔNG KLH + TN'!$C:$C,'01. TH'!H$4) -> 0 | I39: =COUNTIFS('TỔNG KLH + TN'!$B:$B,'01. TH'!$B39,'TỔNG KLH + TN'!$C:$C,'01. TH'!I$4) -> 0 | J39: =COUNTIFS('TỔNG KLH + TN'!$B:$B,'01. TH'!$B39,'TỔNG KLH + TN'!$C:$C,'01. TH'!J$4) -> 0 | K39: =COUNTIFS('TỔNG KLH + TN'!$B:$B,'01. TH'!$B39,'TỔNG KLH + TN'!$C:$C,'01. TH'!K$4) -> 0 | L39: =COUNTIFS('TỔNG KLH + TN'!$B:$B,'01. TH'!$B39,'TỔNG KLH + TN'!$C:$C,'01. TH'!L$4) -> 0 | M39: =COUNTIFS('TỔNG KLH + TN'!$B:$B,'01. TH'!$B39,'TỔNG KLH + TN'!$C:$C,'01. TH'!M$4) -> 0 | ... AD39: =COUNTIFS('TỔNG KLH + TN'!$B:$B,'01. TH'!$B39,'TỔNG KLH + TN'!$C:$C,'01. TH'!AD$4) -> 0 | AE39: =SUM(F39:AD39) -> 0 | AG39: =IF(AE39=SUM(F39:AD39),"ok","SAI") -> ok
B40: Xe xúc lật LEHMAN ZL946PR | C40: 114HP | D40: =IFERROR(VLOOKUP(B40,'Danh mục'!$G:$U,15,0),"") | E40: Xe | F40: =COUNTIFS('TỔNG KLH + TN'!$B:$B,'01. TH'!$B40,'TỔNG KLH + TN'!$C:$C,'01. TH'!F$4) -> 0 | G40: =COUNTIFS('TỔNG KLH + TN'!$B:$B,'01. TH'!$B40,'TỔNG KLH + TN'!$C:$C,'01. TH'!G$4) -> 0 | H40: =COUNTIFS('TỔNG KLH + TN'!$B:$B,'01. TH'!$B40,'TỔNG KLH + TN'!$C:$C,'01. TH'!H$4) -> 0 | I40: =COUNTIFS('TỔNG KLH + TN'!$B:$B,'01. TH'!$B40,'TỔNG KLH + TN'!$C:$C,'01. TH'!I$4) -> 0 | J40: =COUNTIFS('TỔNG KLH + TN'!$B:$B,'01. TH'!$B40,'TỔNG KLH + TN'!$C:$C,'01. TH'!J$4) -> 0 | K40: =COUNTIFS('TỔNG KLH + TN'!$B:$B,'01. TH'!$B40,'TỔNG KLH + TN'!$C:$C,'01. TH'!K$4) -> 0 | L40: =COUNTIFS('TỔNG KLH + TN'!$B:$B,'01. TH'!$B40,'TỔNG KLH + TN'!$C:$C,'01. TH'!L$4) -> 0 | M40: =COUNTIFS('TỔNG KLH + TN'!$B:$B,'01. TH'!$B40,'TỔNG KLH + TN'!$C:$C,'01. TH'!M$4) -> 0 | ... AD40: =COUNTIFS('TỔNG KLH + TN'!$B:$B,'01. TH'!$B40,'TỔNG KLH + TN'!$C:$C,'01. TH'!AD$4) -> 0 | AE40: =SUM(F40:AD40) -> 0 | AG40: =IF(AE40=SUM(F40:AD40),"ok","SAI") -> ok
B41: Xe xúc lật MT625H | C41: 75HP | D41: =IFERROR(VLOOKUP(B41,'Danh mục'!$G:$U,15,0),"") -> 3830 x 1810 x 1920 | E41: Xe | F41: =COUNTIFS('TỔNG KLH + TN'!$B:$B,'01. TH'!$B41,'TỔNG KLH + TN'!$C:$C,'01. TH'!F$4) -> 0 | G41: =COUNTIFS('TỔNG KLH + TN'!$B:$B,'01. TH'!$B41,'TỔNG KLH + TN'!$C:$C,'01. TH'!G$4) -> 0 | H41: =COUNTIFS('TỔNG KLH + TN'!$B:$B,'01. TH'!$B41,'TỔNG KLH + TN'!$C:$C,'01. TH'!H$4) -> 0 | I41: =COUNTIFS('TỔNG KLH + TN'!$B:$B,'01. TH'!$B41,'TỔNG KLH + TN'!$C:$C,'01. TH'!I$4) -> 0 | J41: =COUNTIFS('TỔNG KLH + TN'!$B:$B,'01. TH'!$B41,'TỔNG KLH + TN'!$C:$C,'01. TH'!J$4) -> 0 | K41: =COUNTIFS('TỔNG KLH + TN'!$B:$B,'01. TH'!$B41,'TỔNG KLH + TN'!$C:$C,'01. TH'!K$4) -> 0 | L41: =COUNTIFS('TỔNG KLH + TN'!$B:$B,'01. TH'!$B41,'TỔNG KLH + TN'!$C:$C,'01. TH'!L$4) -> 0 | M41: =COUNTIFS('TỔNG KLH + TN'!$B:$B,'01. TH'!$B41,'TỔNG KLH + TN'!$C:$C,'01. TH'!M$4) -> 0 | ... AD41: =COUNTIFS('TỔNG KLH + TN'!$B:$B,'01. TH'!$B41,'TỔNG KLH + TN'!$C:$C,'01. TH'!AD$4) -> 0 | AE41: =SUM(F41:AD41) -> 0 | AG41: =IF(AE41=SUM(F41:AD41),"ok","SAI") -> ok
B42: Xe xúc lật SDLG L936H | C42: 143HP | D42: =IFERROR(VLOOKUP(B42,'Danh mục'!$G:$U,15,0),"") | E42: Xe | F42: =COUNTIFS('TỔNG KLH + TN'!$B:$B,'01. TH'!$B42,'TỔNG KLH + TN'!$C:$C,'01. TH'!F$4) -> 0 | G42: =COUNTIFS('TỔNG KLH + TN'!$B:$B,'01. TH'!$B42,'TỔNG KLH + TN'!$C:$C,'01. TH'!G$4) -> 0 | H42: =COUNTIFS('TỔNG KLH + TN'!$B:$B,'01. TH'!$B42,'TỔNG KLH + TN'!$C:$C,'01. TH'!H$4) -> 0 | I42: =COUNTIFS('TỔNG KLH + TN'!$B:$B,'01. TH'!$B42,'TỔNG KLH + TN'!$C:$C,'01. TH'!I$4) -> 0 | J42: =COUNTIFS('TỔNG KLH + TN'!$B:$B,'01. TH'!$B42,'TỔNG KLH + TN'!$C:$C,'01. TH'!J$4) -> 0 | K42: =COUNTIFS('TỔNG KLH + TN'!$B:$B,'01. TH'!$B42,'TỔNG KLH + TN'!$C:$C,'01. TH'!K$4) -> 0 | L42: =COUNTIFS('TỔNG KLH + TN'!$B:$B,'01. TH'!$B42,'TỔNG KLH + TN'!$C:$C,'01. TH'!L$4) -> 0 | M42: =COUNTIFS('TỔNG KLH + TN'!$B:$B,'01. TH'!$B42,'TỔNG KLH + TN'!$C:$C,'01. TH'!M$4) -> 0 | ... AD42: =COUNTIFS('TỔNG KLH + TN'!$B:$B,'01. TH'!$B42,'TỔNG KLH + TN'!$C:$C,'01. TH'!AD$4) -> 0 | AE42: =SUM(F42:AD42) -> 0 | AG42: =IF(AE42=SUM(F42:AD42),"ok","SAI") -> ok
B43: Xe xúc lật TCM 709 | C43: 45HP | D43: =IFERROR(VLOOKUP(B43,'Danh mục'!$G:$U,15,0),"") | E43: Xe | F43: =COUNTIFS('TỔNG KLH + TN'!$B:$B,'01. TH'!$B43,'TỔNG KLH + TN'!$C:$C,'01. TH'!F$4) -> 0 | G43: =COUNTIFS('TỔNG KLH + TN'!$B:$B,'01. TH'!$B43,'TỔNG KLH + TN'!$C:$C,'01. TH'!G$4) -> 0 | H43: =COUNTIFS('TỔNG KLH + TN'!$B:$B,'01. TH'!$B43,'TỔNG KLH + TN'!$C:$C,'01. TH'!H$4) -> 0 | I43: =COUNTIFS('TỔNG KLH + TN'!$B:$B,'01. TH'!$B43,'TỔNG KLH + TN'!$C:$C,'01. TH'!I$4) -> 0 | J43: =COUNTIFS('TỔNG KLH + TN'!$B:$B,'01. TH'!$B43,'TỔNG KLH + TN'!$C:$C,'01. TH'!J$4) -> 0 | K43: =COUNTIFS('TỔNG KLH + TN'!$B:$B,'01. TH'!$B43,'TỔNG KLH + TN'!$C:$C,'01. TH'!K$4) -> 0 | L43: =COUNTIFS('TỔNG KLH + TN'!$B:$B,'01. TH'!$B43,'TỔNG KLH + TN'!$C:$C,'01. TH'!L$4) -> 0 | M43: =COUNTIFS('TỔNG KLH + TN'!$B:$B,'01. TH'!$B43,'TỔNG KLH + TN'!$C:$C,'01. TH'!M$4) -> 0 | ... AD43: =COUNTIFS('TỔNG KLH + TN'!$B:$B,'01. TH'!$B43,'TỔNG KLH + TN'!$C:$C,'01. TH'!AD$4) -> 0 | AE43: =SUM(F43:AD43) -> 0 | AG43: =IF(AE43=SUM(F43:AD43),"ok","SAI") -> ok
B44: Xe xúc lật WA200-3 | C44: 125HP | D44: =IFERROR(VLOOKUP(B44,'Danh mục'!$G:$U,15,0),"") -> 6895 x 2470 x 3180 | E44: Xe | F44: =COUNTIFS('TỔNG KLH + TN'!$B:$B,'01. TH'!$B44,'TỔNG KLH + TN'!$C:$C,'01. TH'!F$4) -> 0 | G44: =COUNTIFS('TỔNG KLH + TN'!$B:$B,'01. TH'!$B44,'TỔNG KLH + TN'!$C:$C,'01. TH'!G$4) -> 0 | H44: =COUNTIFS('TỔNG KLH + TN'!$B:$B,'01. TH'!$B44,'TỔNG KLH + TN'!$C:$C,'01. TH'!H$4) -> 0 | I44: =COUNTIFS('TỔNG KLH + TN'!$B:$B,'01. TH'!$B44,'TỔNG KLH + TN'!$C:$C,'01. TH'!I$4) -> 0 | J44: =COUNTIFS('TỔNG KLH + TN'!$B:$B,'01. TH'!$B44,'TỔNG KLH + TN'!$C:$C,'01. TH'!J$4) -> 0 | K44: =COUNTIFS('TỔNG KLH + TN'!$B:$B,'01. TH'!$B44,'TỔNG KLH + TN'!$C:$C,'01. TH'!K$4) -> 0 | L44: =COUNTIFS('TỔNG KLH + TN'!$B:$B,'01. TH'!$B44,'TỔNG KLH + TN'!$C:$C,'01. TH'!L$4) -> 0 | M44: =COUNTIFS('TỔNG KLH + TN'!$B:$B,'01. TH'!$B44,'TỔNG KLH + TN'!$C:$C,'01. TH'!M$4) -> 0 | ... AD44: =COUNTIFS('TỔNG KLH + TN'!$B:$B,'01. TH'!$B44,'TỔNG KLH + TN'!$C:$C,'01. TH'!AD$4) -> 0 | AE44: =SUM(F44:AD44) -> 1 | AG44: =IF(AE44=SUM(F44:AD44),"ok","SAI") -> ok
B45: Xe xúc lật WA350 | C45: 125HP | D45: =IFERROR(VLOOKUP(B45,'Danh mục'!$G:$U,15,0),"") -> 8020 x 2845 x 3375 | E45: Xe | F45: =COUNTIFS('TỔNG KLH + TN'!$B:$B,'01. TH'!$B45,'TỔNG KLH + TN'!$C:$C,'01. TH'!F$4) -> 0 | G45: =COUNTIFS('TỔNG KLH + TN'!$B:$B,'01. TH'!$B45,'TỔNG KLH + TN'!$C:$C,'01. TH'!G$4) -> 0 | H45: =COUNTIFS('TỔNG KLH + TN'!$B:$B,'01. TH'!$B45,'TỔNG KLH + TN'!$C:$C,'01. TH'!H$4) -> 0 | I45: =COUNTIFS('TỔNG KLH + TN'!$B:$B,'01. TH'!$B45,'TỔNG KLH + TN'!$C:$C,'01. TH'!I$4) -> 0 | J45: =COUNTIFS('TỔNG KLH + TN'!$B:$B,'01. TH'!$B45,'TỔNG KLH + TN'!$C:$C,'01. TH'!J$4) -> 0 | K45: =COUNTIFS('TỔNG KLH + TN'!$B:$B,'01. TH'!$B45,'TỔNG KLH + TN'!$C:$C,'01. TH'!K$4) -> 0 | L45: =COUNTIFS('TỔNG KLH + TN'!$B:$B,'01. TH'!$B45,'TỔNG KLH + TN'!$C:$C,'01. TH'!L$4) -> 0 | M45: =COUNTIFS('TỔNG KLH + TN'!$B:$B,'01. TH'!$B45,'TỔNG KLH + TN'!$C:$C,'01. TH'!M$4) -> 0 | ... AD45: =COUNTIFS('TỔNG KLH + TN'!$B:$B,'01. TH'!$B45,'TỔNG KLH + TN'!$C:$C,'01. TH'!AD$4) -> 0 | AE45: =SUM(F45:AD45) -> 0 | AG45: =IF(AE45=SUM(F45:AD45),"ok","SAI") -> ok
... B47: Xe xúc lật WSM953 | C47: 120HP | D47: =IFERROR(VLOOKUP(B47,'Danh mục'!$G:$U,15,0),"") | E47: Xe | F47: =COUNTIFS('TỔNG KLH + TN'!$B:$B,'01. TH'!$B47,'TỔNG KLH + TN'!$C:$C,'01. TH'!F$4) -> 0 | G47: =COUNTIFS('TỔNG KLH + TN'!$B:$B,'01. TH'!$B47,'TỔNG KLH + TN'!$C:$C,'01. TH'!G$4) -> 0 | H47: =COUNTIFS('TỔNG KLH + TN'!$B:$B,'01. TH'!$B47,'TỔNG KLH + TN'!$C:$C,'01. TH'!H$4) -> 0 | I47: =COUNTIFS('TỔNG KLH + TN'!$B:$B,'01. TH'!$B47,'TỔNG KLH + TN'!$C:$C,'01. TH'!I$4) -> 0 | J47: =COUNTIFS('TỔNG KLH + TN'!$B:$B,'01. TH'!$B47,'TỔNG KLH + TN'!$C:$C,'01. TH'!J$4) -> 0 | K47: =COUNTIFS('TỔNG KLH + TN'!$B:$B,'01. TH'!$B47,'TỔNG KLH + TN'!$C:$C,'01. TH'!K$4) -> 0 | L47: =COUNTIFS('TỔNG KLH + TN'!$B:$B,'01. TH'!$B47,'TỔNG KLH + TN'!$C:$C,'01. TH'!L$4) -> 0 | M47: =COUNTIFS('TỔNG KLH + TN'!$B:$B,'01. TH'!$B47,'TỔNG KLH + TN'!$C:$C,'01. TH'!M$4) -> 0 | ... AD47: =COUNTIFS('TỔNG KLH + TN'!$B:$B,'01. TH'!$B47,'TỔNG KLH + TN'!$C:$C,'01. TH'!AD$4) -> 0 | AE47: =SUM(F47:AD47) -> 0 | AG47: =IF(AE47=SUM(F47:AD47),"ok","SAI") -> ok
A48: 6 | B48: Xe ben | D48: =IFERROR(VLOOKUP(B48,'Danh mục'!$G:$U,15,0),"") | F48: =SUM(F49:F56) -> 17 | G48: =SUM(G49:G56) -> 0 | H48: =SUM(H49:H56) -> 0 | I48: =SUM(I49:I56) -> 0 | J48: =SUM(J49:J56) -> 0 | K48: =SUM(K49:K56) -> 0 | L48: =SUM(L49:L56) -> 0 | M48: =SUM(M49:M56) -> 0 | ... AE48: =SUM(AE49:AE56) -> 34 | AF48: 3 | AG48: =IF(AE48=SUM(F48:AD48),"ok","SAI") -> ok
B49: Xe ben AUMAN GTL D300 E4 | C49: 375HP | D49: =IFERROR(VLOOKUP(B49,'Danh mục'!$G:$U,15,0),"") -> 9290 x 2500 x 3370 | E49: Xe | F49: =COUNTIFS('TỔNG KLH + TN'!$B:$B,'01. TH'!$B49,'TỔNG KLH + TN'!$C:$C,'01. TH'!F$4) -> 1 | G49: =COUNTIFS('TỔNG KLH + TN'!$B:$B,'01. TH'!$B49,'TỔNG KLH + TN'!$C:$C,'01. TH'!G$4) -> 0 | H49: =COUNTIFS('TỔNG KLH + TN'!$B:$B,'01. TH'!$B49,'TỔNG KLH + TN'!$C:$C,'01. TH'!H$4) -> 0 | I49: =COUNTIFS('TỔNG KLH + TN'!$B:$B,'01. TH'!$B49,'TỔNG KLH + TN'!$C:$C,'01. TH'!I$4) -> 0 | J49: =COUNTIFS('TỔNG KLH + TN'!$B:$B,'01. TH'!$B49,'TỔNG KLH + TN'!$C:$C,'01. TH'!J$4) -> 0 | K49: =COUNTIFS('TỔNG KLH + TN'!$B:$B,'01. TH'!$B49,'TỔNG KLH + TN'!$C:$C,'01. TH'!K$4) -> 0 | L49: =COUNTIFS('TỔNG KLH + TN'!$B:$B,'01. TH'!$B49,'TỔNG KLH + TN'!$C:$C,'01. TH'!L$4) -> 0 | M49: =COUNTIFS('TỔNG KLH + TN'!$B:$B,'01. TH'!$B49,'TỔNG KLH + TN'!$C:$C,'01. TH'!M$4) -> 0 | ... AD49: =COUNTIFS('TỔNG KLH + TN'!$B:$B,'01. TH'!$B49,'TỔNG KLH + TN'!$C:$C,'01. TH'!AD$4) -> 0 | AE49: =SUM(F49:AD49) -> 4 | AG49: =IF(AE49=SUM(F49:AD49),"ok","SAI") -> ok
B50: Xe ben FC150 | C50: 150HP | D50: =IFERROR(VLOOKUP(B50,'Danh mục'!$G:$U,15,0),"") -> 6160 x 2330 x 2760 | E50: Xe | F50: =COUNTIFS('TỔNG KLH + TN'!$B:$B,'01. TH'!$B50,'TỔNG KLH + TN'!$C:$C,'01. TH'!F$4) -> 4 | G50: =COUNTIFS('TỔNG KLH + TN'!$B:$B,'01. TH'!$B50,'TỔNG KLH + TN'!$C:$C,'01. TH'!G$4) -> 0 | H50: =COUNTIFS('TỔNG KLH + TN'!$B:$B,'01. TH'!$B50,'TỔNG KLH + TN'!$C:$C,'01. TH'!H$4) -> 0 | I50: =COUNTIFS('TỔNG KLH + TN'!$B:$B,'01. TH'!$B50,'TỔNG KLH + TN'!$C:$C,'01. TH'!I$4) -> 0 | J50: =COUNTIFS('TỔNG KLH + TN'!$B:$B,'01. TH'!$B50,'TỔNG KLH + TN'!$C:$C,'01. TH'!J$4) -> 0 | K50: =COUNTIFS('TỔNG KLH + TN'!$B:$B,'01. TH'!$B50,'TỔNG KLH + TN'!$C:$C,'01. TH'!K$4) -> 0 | L50: =COUNTIFS('TỔNG KLH + TN'!$B:$B,'01. TH'!$B50,'TỔNG KLH + TN'!$C:$C,'01. TH'!L$4) -> 0 | M50: =COUNTIFS('TỔNG KLH + TN'!$B:$B,'01. TH'!$B50,'TỔNG KLH + TN'!$C:$C,'01. TH'!M$4) -> 0 | ... AD50: =COUNTIFS('TỔNG KLH + TN'!$B:$B,'01. TH'!$B50,'TỔNG KLH + TN'!$C:$C,'01. TH'!AD$4) -> 0 | AE50: =SUM(F50:AD50) -> 7 | AG50: =IF(AE50=SUM(F50:AD50),"ok","SAI") -> ok
B51: Xe ben FD120 | C51: 120HP | D51: =IFERROR(VLOOKUP(B51,'Danh mục'!$G:$U,15,0),"") -> 5910 x 2310 x 2800 | E51: Xe | F51: =COUNTIFS('TỔNG KLH + TN'!$B:$B,'01. TH'!$B51,'TỔNG KLH + TN'!$C:$C,'01. TH'!F$4) -> 4 | G51: =COUNTIFS('TỔNG KLH + TN'!$B:$B,'01. TH'!$B51,'TỔNG KLH + TN'!$C:$C,'01. TH'!G$4) -> 0 | H51: =COUNTIFS('TỔNG KLH + TN'!$B:$B,'01. TH'!$B51,'TỔNG KLH + TN'!$C:$C,'01. TH'!H$4) -> 0 | I51: =COUNTIFS('TỔNG KLH + TN'!$B:$B,'01. TH'!$B51,'TỔNG KLH + TN'!$C:$C,'01. TH'!I$4) -> 0 | J51: =COUNTIFS('TỔNG KLH + TN'!$B:$B,'01. TH'!$B51,'TỔNG KLH + TN'!$C:$C,'01. TH'!J$4) -> 0 | K51: =COUNTIFS('TỔNG KLH + TN'!$B:$B,'01. TH'!$B51,'TỔNG KLH + TN'!$C:$C,'01. TH'!K$4) -> 0 | L51: =COUNTIFS('TỔNG KLH + TN'!$B:$B,'01. TH'!$B51,'TỔNG KLH + TN'!$C:$C,'01. TH'!L$4) -> 0 | M51: =COUNTIFS('TỔNG KLH + TN'!$B:$B,'01. TH'!$B51,'TỔNG KLH + TN'!$C:$C,'01. TH'!M$4) -> 0 | ... AD51: =COUNTIFS('TỔNG KLH + TN'!$B:$B,'01. TH'!$B51,'TỔNG KLH + TN'!$C:$C,'01. TH'!AD$4) -> 0 | AE51: =SUM(F51:AD51) -> 5 | AG51: =IF(AE51=SUM(F51:AD51),"ok","SAI") -> ok
B52: Xe ben FD140 | C52: 140HP | D52: =IFERROR(VLOOKUP(B52,'Danh mục'!$G:$U,15,0),"") -> 6160 x 2330 x 2750 | E52: Xe | F52: =COUNTIFS('TỔNG KLH + TN'!$B:$B,'01. TH'!$B52,'TỔNG KLH + TN'!$C:$C,'01. TH'!F$4) -> 0 | G52: =COUNTIFS('TỔNG KLH + TN'!$B:$B,'01. TH'!$B52,'TỔNG KLH + TN'!$C:$C,'01. TH'!G$4) -> 0 | H52: =COUNTIFS('TỔNG KLH + TN'!$B:$B,'01. TH'!$B52,'TỔNG KLH + TN'!$C:$C,'01. TH'!H$4) -> 0 | I52: =COUNTIFS('TỔNG KLH + TN'!$B:$B,'01. TH'!$B52,'TỔNG KLH + TN'!$C:$C,'01. TH'!I$4) -> 0 | J52: =COUNTIFS('TỔNG KLH + TN'!$B:$B,'01. TH'!$B52,'TỔNG KLH + TN'!$C:$C,'01. TH'!J$4) -> 0 | K52: =COUNTIFS('TỔNG KLH + TN'!$B:$B,'01. TH'!$B52,'TỔNG KLH + TN'!$C:$C,'01. TH'!K$4) -> 0 | L52: =COUNTIFS('TỔNG KLH + TN'!$B:$B,'01. TH'!$B52,'TỔNG KLH + TN'!$C:$C,'01. TH'!L$4) -> 0 | M52: =COUNTIFS('TỔNG KLH + TN'!$B:$B,'01. TH'!$B52,'TỔNG KLH + TN'!$C:$C,'01. TH'!M$4) -> 0 | ... AD52: =COUNTIFS('TỔNG KLH + TN'!$B:$B,'01. TH'!$B52,'TỔNG KLH + TN'!$C:$C,'01. TH'!AD$4) -> 0 | AE52: =SUM(F52:AD52) -> 2 | AG52: =IF(AE52=SUM(F52:AD52),"ok","SAI") -> ok
B53: Xe ben FD150 | C53: 150HP | D53: =IFERROR(VLOOKUP(B53,'Danh mục'!$G:$U,15,0),"") -> 6160 x 2330 x 2760 | E53: Xe | F53: =COUNTIFS('TỔNG KLH + TN'!$B:$B,'01. TH'!$B53,'TỔNG KLH + TN'!$C:$C,'01. TH'!F$4) -> 2 | G53: =COUNTIFS('TỔNG KLH + TN'!$B:$B,'01. TH'!$B53,'TỔNG KLH + TN'!$C:$C,'01. TH'!G$4) -> 0 | H53: =COUNTIFS('TỔNG KLH + TN'!$B:$B,'01. TH'!$B53,'TỔNG KLH + TN'!$C:$C,'01. TH'!H$4) -> 0 | I53: =COUNTIFS('TỔNG KLH + TN'!$B:$B,'01. TH'!$B53,'TỔNG KLH + TN'!$C:$C,'01. TH'!I$4) -> 0 | J53: =COUNTIFS('TỔNG KLH + TN'!$B:$B,'01. TH'!$B53,'TỔNG KLH + TN'!$C:$C,'01. TH'!J$4) -> 0 | K53: =COUNTIFS('TỔNG KLH + TN'!$B:$B,'01. TH'!$B53,'TỔNG KLH + TN'!$C:$C,'01. TH'!K$4) -> 0 | L53: =COUNTIFS('TỔNG KLH + TN'!$B:$B,'01. TH'!$B53,'TỔNG KLH + TN'!$C:$C,'01. TH'!L$4) -> 0 | M53: =COUNTIFS('TỔNG KLH + TN'!$B:$B,'01. TH'!$B53,'TỔNG KLH + TN'!$C:$C,'01. TH'!M$4) -> 0 | ... AD53: =COUNTIFS('TỔNG KLH + TN'!$B:$B,'01. TH'!$B53,'TỔNG KLH + TN'!$C:$C,'01. TH'!AD$4) -> 0 | AE53: =SUM(F53:AD53) -> 4 | AG53: =IF(AE53=SUM(F53:AD53),"ok","SAI") -> ok
B54: Xe ben FD850 | C54: 140HP | D54: =IFERROR(VLOOKUP(B54,'Danh mục'!$G:$U,15,0),"") -> 6170 x 2330 x 2750 | E54: Xe | F54: =COUNTIFS('TỔNG KLH + TN'!$B:$B,'01. TH'!$B54,'TỔNG KLH + TN'!$C:$C,'01. TH'!F$4) -> 0 | G54: =COUNTIFS('TỔNG KLH + TN'!$B:$B,'01. TH'!$B54,'TỔNG KLH + TN'!$C:$C,'01. TH'!G$4) -> 0 | H54: =COUNTIFS('TỔNG KLH + TN'!$B:$B,'01. TH'!$B54,'TỔNG KLH + TN'!$C:$C,'01. TH'!H$4) -> 0 | I54: =COUNTIFS('TỔNG KLH + TN'!$B:$B,'01. TH'!$B54,'TỔNG KLH + TN'!$C:$C,'01. TH'!I$4) -> 0 | J54: =COUNTIFS('TỔNG KLH + TN'!$B:$B,'01. TH'!$B54,'TỔNG KLH + TN'!$C:$C,'01. TH'!J$4) -> 0 | K54: =COUNTIFS('TỔNG KLH + TN'!$B:$B,'01. TH'!$B54,'TỔNG KLH + TN'!$C:$C,'01. TH'!K$4) -> 0 | L54: =COUNTIFS('TỔNG KLH + TN'!$B:$B,'01. TH'!$B54,'TỔNG KLH + TN'!$C:$C,'01. TH'!L$4) -> 0 | M54: =COUNTIFS('TỔNG KLH + TN'!$B:$B,'01. TH'!$B54,'TỔNG KLH + TN'!$C:$C,'01. TH'!M$4) -> 0 | ... AD54: =COUNTIFS('TỔNG KLH + TN'!$B:$B,'01. TH'!$B54,'TỔNG KLH + TN'!$C:$C,'01. TH'!AD$4) -> 0 | AE54: =SUM(F54:AD54) -> 1 | AG54: =IF(AE54=SUM(F54:AD54),"ok","SAI") -> ok
B55: Xe ben Forland FD990-4WDXTH4-5T | C55: 94HP | D55: =IFERROR(VLOOKUP(B55,'Danh mục'!$G:$U,15,0),"") -> 5250 x 2170 x 2520 | E55: Xe | F55: =COUNTIFS('TỔNG KLH + TN'!$B:$B,'01. TH'!$B55,'TỔNG KLH + TN'!$C:$C,'01. TH'!F$4) -> 0 | G55: =COUNTIFS('TỔNG KLH + TN'!$B:$B,'01. TH'!$B55,'TỔNG KLH + TN'!$C:$C,'01. TH'!G$4) -> 0 | H55: =COUNTIFS('TỔNG KLH + TN'!$B:$B,'01. TH'!$B55,'TỔNG KLH + TN'!$C:$C,'01. TH'!H$4) -> 0 | I55: =COUNTIFS('TỔNG KLH + TN'!$B:$B,'01. TH'!$B55,'TỔNG KLH + TN'!$C:$C,'01. TH'!I$4) -> 0 | J55: =COUNTIFS('TỔNG KLH + TN'!$B:$B,'01. TH'!$B55,'TỔNG KLH + TN'!$C:$C,'01. TH'!J$4) -> 0 | K55: =COUNTIFS('TỔNG KLH + TN'!$B:$B,'01. TH'!$B55,'TỔNG KLH + TN'!$C:$C,'01. TH'!K$4) -> 0 | L55: =COUNTIFS('TỔNG KLH + TN'!$B:$B,'01. TH'!$B55,'TỔNG KLH + TN'!$C:$C,'01. TH'!L$4) -> 0 | M55: =COUNTIFS('TỔNG KLH + TN'!$B:$B,'01. TH'!$B55,'TỔNG KLH + TN'!$C:$C,'01. TH'!M$4) -> 0 | ... AD55: =COUNTIFS('TỔNG KLH + TN'!$B:$B,'01. TH'!$B55,'TỔNG KLH + TN'!$C:$C,'01. TH'!AD$4) -> 0 | AE55: =SUM(F55:AD55) -> 0 | AG55: =IF(AE55=SUM(F55:AD55),"ok","SAI") -> ok
B56: Xe ben HOWO TXD600 | C56: 380HP | D56: =IFERROR(VLOOKUP(B56,'Danh mục'!$G:$U,15,0),"") -> 7800 x 2500 x 3480 | E56: Xe | F56: =COUNTIFS('TỔNG KLH + TN'!$B:$B,'01. TH'!$B56,'TỔNG KLH + TN'!$C:$C,'01. TH'!F$4) -> 6 | G56: =COUNTIFS('TỔNG KLH + TN'!$B:$B,'01. TH'!$B56,'TỔNG KLH + TN'!$C:$C,'01. TH'!G$4) -> 0 | H56: =COUNTIFS('TỔNG KLH + TN'!$B:$B,'01. TH'!$B56,'TỔNG KLH + TN'!$C:$C,'01. TH'!H$4) -> 0 | I56: =COUNTIFS('TỔNG KLH + TN'!$B:$B,'01. TH'!$B56,'TỔNG KLH + TN'!$C:$C,'01. TH'!I$4) -> 0 | J56: =COUNTIFS('TỔNG KLH + TN'!$B:$B,'01. TH'!$B56,'TỔNG KLH + TN'!$C:$C,'01. TH'!J$4) -> 0 | K56: =COUNTIFS('TỔNG KLH + TN'!$B:$B,'01. TH'!$B56,'TỔNG KLH + TN'!$C:$C,'01. TH'!K$4) -> 0 | L56: =COUNTIFS('TỔNG KLH + TN'!$B:$B,'01. TH'!$B56,'TỔNG KLH + TN'!$C:$C,'01. TH'!L$4) -> 0 | M56: =COUNTIFS('TỔNG KLH + TN'!$B:$B,'01. TH'!$B56,'TỔNG KLH + TN'!$C:$C,'01. TH'!M$4) -> 0 | ... AD56: =COUNTIFS('TỔNG KLH + TN'!$B:$B,'01. TH'!$B56,'TỔNG KLH + TN'!$C:$C,'01. TH'!AD$4) -> 0 | AE56: =SUM(F56:AD56) -> 11 | AG56: =IF(AE56=SUM(F56:AD56),"ok","SAI") -> ok
A57: 7 | B57: Xe tải | D57: =IFERROR(VLOOKUP(B57,'Danh mục'!$G:$U,15,0),"") | F57: =SUM(F58:F66) -> 0 | G57: =SUM(G58:G66) -> 1 | H57: =SUM(H58:H66) -> 0 | I57: =SUM(I58:I66) -> 0 | J57: =SUM(J58:J66) -> 0 | K57: =SUM(K58:K66) -> 0 | L57: =SUM(L58:L66) -> 0 | M57: =SUM(M58:M66) -> 0 | ... AE57: =SUM(AE58:AE66) -> 12 | AF57: 8 | AG57: =IF(AE57=SUM(F57:AD57),"ok","SAI") -> ok
B58: Xe tải Forland FD140 | C58: 140HP | D58: =IFERROR(VLOOKUP(B58,'Danh mục'!$G:$U,15,0),"") -> 6160 x 2330 x 2750 | E58: Xe | F58: =COUNTIFS('TỔNG KLH + TN'!$B:$B,'01. TH'!$B58,'TỔNG KLH + TN'!$C:$C,'01. TH'!F$4) -> 0 | G58: =COUNTIFS('TỔNG KLH + TN'!$B:$B,'01. TH'!$B58,'TỔNG KLH + TN'!$C:$C,'01. TH'!G$4) -> 0 | H58: =COUNTIFS('TỔNG KLH + TN'!$B:$B,'01. TH'!$B58,'TỔNG KLH + TN'!$C:$C,'01. TH'!H$4) -> 0 | I58: =COUNTIFS('TỔNG KLH + TN'!$B:$B,'01. TH'!$B58,'TỔNG KLH + TN'!$C:$C,'01. TH'!I$4) -> 0 | J58: =COUNTIFS('TỔNG KLH + TN'!$B:$B,'01. TH'!$B58,'TỔNG KLH + TN'!$C:$C,'01. TH'!J$4) -> 0 | K58: =COUNTIFS('TỔNG KLH + TN'!$B:$B,'01. TH'!$B58,'TỔNG KLH + TN'!$C:$C,'01. TH'!K$4) -> 0 | L58: =COUNTIFS('TỔNG KLH + TN'!$B:$B,'01. TH'!$B58,'TỔNG KLH + TN'!$C:$C,'01. TH'!L$4) -> 0 | M58: =COUNTIFS('TỔNG KLH + TN'!$B:$B,'01. TH'!$B58,'TỔNG KLH + TN'!$C:$C,'01. TH'!M$4) -> 0 | ... AD58: =COUNTIFS('TỔNG KLH + TN'!$B:$B,'01. TH'!$B58,'TỔNG KLH + TN'!$C:$C,'01. TH'!AD$4) -> 0 | AE58: =SUM(F58:AD58) -> 0 | AG58: =IF(AE58=SUM(F58:AD58),"ok","SAI") -> ok
B59: Xe tải THACO FRONTIER TF490 | C59: 107HP | D59: =IFERROR(VLOOKUP(B59,'Danh mục'!$G:$U,15,0),"") -> 6380 x 2040 x 2300 | E59: Xe | F59: =COUNTIFS('TỔNG KLH + TN'!$B:$B,'01. TH'!$B59,'TỔNG KLH + TN'!$C:$C,'01. TH'!F$4) -> 0 | G59: =COUNTIFS('TỔNG KLH + TN'!$B:$B,'01. TH'!$B59,'TỔNG KLH + TN'!$C:$C,'01. TH'!G$4) -> 1 | H59: =COUNTIFS('TỔNG KLH + TN'!$B:$B,'01. TH'!$B59,'TỔNG KLH + TN'!$C:$C,'01. TH'!H$4) -> 0 | I59: =COUNTIFS('TỔNG KLH + TN'!$B:$B,'01. TH'!$B59,'TỔNG KLH + TN'!$C:$C,'01. TH'!I$4) -> 0 | J59: =COUNTIFS('TỔNG KLH + TN'!$B:$B,'01. TH'!$B59,'TỔNG KLH + TN'!$C:$C,'01. TH'!J$4) -> 0 | K59: =COUNTIFS('TỔNG KLH + TN'!$B:$B,'01. TH'!$B59,'TỔNG KLH + TN'!$C:$C,'01. TH'!K$4) -> 0 | L59: =COUNTIFS('TỔNG KLH + TN'!$B:$B,'01. TH'!$B59,'TỔNG KLH + TN'!$C:$C,'01. TH'!L$4) -> 0 | M59: =COUNTIFS('TỔNG KLH + TN'!$B:$B,'01. TH'!$B59,'TỔNG KLH + TN'!$C:$C,'01. TH'!M$4) -> 0 | ... AD59: =COUNTIFS('TỔNG KLH + TN'!$B:$B,'01. TH'!$B59,'TỔNG KLH + TN'!$C:$C,'01. TH'!AD$4) -> 0 | AE59: =SUM(F59:AD59) -> 2 | AG59: =IF(AE59=SUM(F59:AD59),"ok","SAI") -> ok
B60: Xe tải thùng Auman C160 | C60: 95HP | D60: =IFERROR(VLOOKUP(B60,'Danh mục'!$G:$U,15,0),"") -> 9510 x 2450 x 2840 | E60: Xe | F60: =COUNTIFS('TỔNG KLH + TN'!$B:$B,'01. TH'!$B60,'TỔNG KLH + TN'!$C:$C,'01. TH'!F$4) -> 0 | G60: =COUNTIFS('TỔNG KLH + TN'!$B:$B,'01. TH'!$B60,'TỔNG KLH + TN'!$C:$C,'01. TH'!G$4) -> 0 | H60: =COUNTIFS('TỔNG KLH + TN'!$B:$B,'01. TH'!$B60,'TỔNG KLH + TN'!$C:$C,'01. TH'!H$4) -> 0 | I60: =COUNTIFS('TỔNG KLH + TN'!$B:$B,'01. TH'!$B60,'TỔNG KLH + TN'!$C:$C,'01. TH'!I$4) -> 0 | J60: =COUNTIFS('TỔNG KLH + TN'!$B:$B,'01. TH'!$B60,'TỔNG KLH + TN'!$C:$C,'01. TH'!J$4) -> 0 | K60: =COUNTIFS('TỔNG KLH + TN'!$B:$B,'01. TH'!$B60,'TỔNG KLH + TN'!$C:$C,'01. TH'!K$4) -> 0 | L60: =COUNTIFS('TỔNG KLH + TN'!$B:$B,'01. TH'!$B60,'TỔNG KLH + TN'!$C:$C,'01. TH'!L$4) -> 0 | M60: =COUNTIFS('TỔNG KLH + TN'!$B:$B,'01. TH'!$B60,'TỔNG KLH + TN'!$C:$C,'01. TH'!M$4) -> 0 | ... AD60: =COUNTIFS('TỔNG KLH + TN'!$B:$B,'01. TH'!$B60,'TỔNG KLH + TN'!$C:$C,'01. TH'!AD$4) -> 0 | AE60: =SUM(F60:AD60) -> 3 | AG60: =IF(AE60=SUM(F60:AD60),"ok","SAI") -> ok
B61: Xe tải thùng FC150 | C61: 150HP | D61: =IFERROR(VLOOKUP(B61,'Danh mục'!$G:$U,15,0),"") -> 6160 x 2330 x 2760 | E61: Xe | F61: =COUNTIFS('TỔNG KLH + TN'!$B:$B,'01. TH'!$B61,'TỔNG KLH + TN'!$C:$C,'01. TH'!F$4) -> 0 | G61: =COUNTIFS('TỔNG KLH + TN'!$B:$B,'01. TH'!$B61,'TỔNG KLH + TN'!$C:$C,'01. TH'!G$4) -> 0 | H61: =COUNTIFS('TỔNG KLH + TN'!$B:$B,'01. TH'!$B61,'TỔNG KLH + TN'!$C:$C,'01. TH'!H$4) -> 0 | I61: =COUNTIFS('TỔNG KLH + TN'!$B:$B,'01. TH'!$B61,'TỔNG KLH + TN'!$C:$C,'01. TH'!I$4) -> 0 | J61: =COUNTIFS('TỔNG KLH + TN'!$B:$B,'01. TH'!$B61,'TỔNG KLH + TN'!$C:$C,'01. TH'!J$4) -> 0 | K61: =COUNTIFS('TỔNG KLH + TN'!$B:$B,'01. TH'!$B61,'TỔNG KLH + TN'!$C:$C,'01. TH'!K$4) -> 0 | L61: =COUNTIFS('TỔNG KLH + TN'!$B:$B,'01. TH'!$B61,'TỔNG KLH + TN'!$C:$C,'01. TH'!L$4) -> 0 | M61: =COUNTIFS('TỔNG KLH + TN'!$B:$B,'01. TH'!$B61,'TỔNG KLH + TN'!$C:$C,'01. TH'!M$4) -> 0 | ... AD61: =COUNTIFS('TỔNG KLH + TN'!$B:$B,'01. TH'!$B61,'TỔNG KLH + TN'!$C:$C,'01. TH'!AD$4) -> 0 | AE61: =SUM(F61:AD61) -> 0 | AG61: =IF(AE61=SUM(F61:AD61),"ok","SAI") -> ok
B62: Xe tải thùng FD140 | C62: 140HP | D62: =IFERROR(VLOOKUP(B62,'Danh mục'!$G:$U,15,0),"") -> 6160 x 2330 x 2750 | E62: Xe | F62: =COUNTIFS('TỔNG KLH + TN'!$B:$B,'01. TH'!$B62,'TỔNG KLH + TN'!$C:$C,'01. TH'!F$4) -> 0 | G62: =COUNTIFS('TỔNG KLH + TN'!$B:$B,'01. TH'!$B62,'TỔNG KLH + TN'!$C:$C,'01. TH'!G$4) -> 0 | H62: =COUNTIFS('TỔNG KLH + TN'!$B:$B,'01. TH'!$B62,'TỔNG KLH + TN'!$C:$C,'01. TH'!H$4) -> 0 | I62: =COUNTIFS('TỔNG KLH + TN'!$B:$B,'01. TH'!$B62,'TỔNG KLH + TN'!$C:$C,'01. TH'!I$4) -> 0 | J62: =COUNTIFS('TỔNG KLH + TN'!$B:$B,'01. TH'!$B62,'TỔNG KLH + TN'!$C:$C,'01. TH'!J$4) -> 0 | K62: =COUNTIFS('TỔNG KLH + TN'!$B:$B,'01. TH'!$B62,'TỔNG KLH + TN'!$C:$C,'01. TH'!K$4) -> 0 | L62: =COUNTIFS('TỔNG KLH + TN'!$B:$B,'01. TH'!$B62,'TỔNG KLH + TN'!$C:$C,'01. TH'!L$4) -> 0 | M62: =COUNTIFS('TỔNG KLH + TN'!$B:$B,'01. TH'!$B62,'TỔNG KLH + TN'!$C:$C,'01. TH'!M$4) -> 0 | ... AD62: =COUNTIFS('TỔNG KLH + TN'!$B:$B,'01. TH'!$B62,'TỔNG KLH + TN'!$C:$C,'01. TH'!AD$4) -> 0 | AE62: =SUM(F62:AD62) -> 5 | AG62: =IF(AE62=SUM(F62:AD62),"ok","SAI") -> ok
B63: Xe tải Frontier TF2800 | C63: 100HP | D63: =IFERROR(VLOOKUP(#REF!,'Danh mục'!$G:$U,15,0),"") | E63: Xe | F63: =COUNTIFS('TỔNG KLH + TN'!$B:$B,'01. TH'!$B63,'TỔNG KLH + TN'!$C:$C,'01. TH'!F$4) -> 0 | G63: =COUNTIFS('TỔNG KLH + TN'!$B:$B,'01. TH'!$B63,'TỔNG KLH + TN'!$C:$C,'01. TH'!G$4) -> 0 | H63: =COUNTIFS('TỔNG KLH + TN'!$B:$B,'01. TH'!$B63,'TỔNG KLH + TN'!$C:$C,'01. TH'!H$4) -> 0 | I63: =COUNTIFS('TỔNG KLH + TN'!$B:$B,'01. TH'!$B63,'TỔNG KLH + TN'!$C:$C,'01. TH'!I$4) -> 0 | J63: =COUNTIFS('TỔNG KLH + TN'!$B:$B,'01. TH'!$B63,'TỔNG KLH + TN'!$C:$C,'01. TH'!J$4) -> 0 | K63: =COUNTIFS('TỔNG KLH + TN'!$B:$B,'01. TH'!$B63,'TỔNG KLH + TN'!$C:$C,'01. TH'!K$4) -> 0 | L63: =COUNTIFS('TỔNG KLH + TN'!$B:$B,'01. TH'!$B63,'TỔNG KLH + TN'!$C:$C,'01. TH'!L$4) -> 0 | M63: =COUNTIFS('TỔNG KLH + TN'!$B:$B,'01. TH'!$B63,'TỔNG KLH + TN'!$C:$C,'01. TH'!M$4) -> 0 | ... AD63: =COUNTIFS('TỔNG KLH + TN'!$B:$B,'01. TH'!$B63,'TỔNG KLH + TN'!$C:$C,'01. TH'!AD$4) -> 0 | AE63: =SUM(F63:AD63) -> 0 | AG63: =IF(AE63=SUM(F63:AD63),"ok","SAI") -> ok
B64: Xe tải Van THACO FRONTIER TF420-5S | C64: 100HP | D64: =IFERROR(VLOOKUP(#REF!,'Danh mục'!$G:$U,15,0),"") | E64: Xe | F64: =COUNTIFS('TỔNG KLH + TN'!$B:$B,'01. TH'!$B64,'TỔNG KLH + TN'!$C:$C,'01. TH'!F$4) -> 0 | G64: =COUNTIFS('TỔNG KLH + TN'!$B:$B,'01. TH'!$B64,'TỔNG KLH + TN'!$C:$C,'01. TH'!G$4) -> 0 | H64: =COUNTIFS('TỔNG KLH + TN'!$B:$B,'01. TH'!$B64,'TỔNG KLH + TN'!$C:$C,'01. TH'!H$4) -> 0 | I64: =COUNTIFS('TỔNG KLH + TN'!$B:$B,'01. TH'!$B64,'TỔNG KLH + TN'!$C:$C,'01. TH'!I$4) -> 0 | J64: =COUNTIFS('TỔNG KLH + TN'!$B:$B,'01. TH'!$B64,'TỔNG KLH + TN'!$C:$C,'01. TH'!J$4) -> 0 | K64: =COUNTIFS('TỔNG KLH + TN'!$B:$B,'01. TH'!$B64,'TỔNG KLH + TN'!$C:$C,'01. TH'!K$4) -> 0 | L64: =COUNTIFS('TỔNG KLH + TN'!$B:$B,'01. TH'!$B64,'TỔNG KLH + TN'!$C:$C,'01. TH'!L$4) -> 0 | M64: =COUNTIFS('TỔNG KLH + TN'!$B:$B,'01. TH'!$B64,'TỔNG KLH + TN'!$C:$C,'01. TH'!M$4) -> 0 | ... AD64: =COUNTIFS('TỔNG KLH + TN'!$B:$B,'01. TH'!$B64,'TỔNG KLH + TN'!$C:$C,'01. TH'!AD$4) -> 0 | AE64: =SUM(F64:AD64) -> 0 | AG64: =IF(AE64=SUM(F64:AD64),"ok","SAI") -> ok
B65: Xe tải ben Howo 371 | C65: 100HP | D65: =IFERROR(VLOOKUP(#REF!,'Danh mục'!$G:$U,15,0),"") | E65: Xe | F65: =COUNTIFS('TỔNG KLH + TN'!$B:$B,'01. TH'!$B65,'TỔNG KLH + TN'!$C:$C,'01. TH'!F$4) -> 0 | G65: =COUNTIFS('TỔNG KLH + TN'!$B:$B,'01. TH'!$B65,'TỔNG KLH + TN'!$C:$C,'01. TH'!G$4) -> 0 | H65: =COUNTIFS('TỔNG KLH + TN'!$B:$B,'01. TH'!$B65,'TỔNG KLH + TN'!$C:$C,'01. TH'!H$4) -> 0 | I65: =COUNTIFS('TỔNG KLH + TN'!$B:$B,'01. TH'!$B65,'TỔNG KLH + TN'!$C:$C,'01. TH'!I$4) -> 0 | J65: =COUNTIFS('TỔNG KLH + TN'!$B:$B,'01. TH'!$B65,'TỔNG KLH + TN'!$C:$C,'01. TH'!J$4) -> 0 | K65: =COUNTIFS('TỔNG KLH + TN'!$B:$B,'01. TH'!$B65,'TỔNG KLH + TN'!$C:$C,'01. TH'!K$4) -> 0 | L65: =COUNTIFS('TỔNG KLH + TN'!$B:$B,'01. TH'!$B65,'TỔNG KLH + TN'!$C:$C,'01. TH'!L$4) -> 0 | M65: =COUNTIFS('TỔNG KLH + TN'!$B:$B,'01. TH'!$B65,'TỔNG KLH + TN'!$C:$C,'01. TH'!M$4) -> 0 | ... AD65: =COUNTIFS('TỔNG KLH + TN'!$B:$B,'01. TH'!$B65,'TỔNG KLH + TN'!$C:$C,'01. TH'!AD$4) -> 0 | AE65: =SUM(F65:AD65) -> 2 | AG65: =IF(AE65=SUM(F65:AD65),"ok","SAI") -> ok
B66: Xe tải KOZUN | C66: 50HP | D66: =IFERROR(VLOOKUP(#REF!,'Danh mục'!$G:$U,15,0),"") | E66: Xe | F66: =COUNTIFS('TỔNG KLH + TN'!$B:$B,'01. TH'!$B66,'TỔNG KLH + TN'!$C:$C,'01. TH'!F$4) -> 0 | G66: =COUNTIFS('TỔNG KLH + TN'!$B:$B,'01. TH'!$B66,'TỔNG KLH + TN'!$C:$C,'01. TH'!G$4) -> 0 | H66: =COUNTIFS('TỔNG KLH + TN'!$B:$B,'01. TH'!$B66,'TỔNG KLH + TN'!$C:$C,'01. TH'!H$4) -> 0 | I66: =COUNTIFS('TỔNG KLH + TN'!$B:$B,'01. TH'!$B66,'TỔNG KLH + TN'!$C:$C,'01. TH'!I$4) -> 0 | J66: =COUNTIFS('TỔNG KLH + TN'!$B:$B,'01. TH'!$B66,'TỔNG KLH + TN'!$C:$C,'01. TH'!J$4) -> 0 | K66: =COUNTIFS('TỔNG KLH + TN'!$B:$B,'01. TH'!$B66,'TỔNG KLH + TN'!$C:$C,'01. TH'!K$4) -> 0 | L66: =COUNTIFS('TỔNG KLH + TN'!$B:$B,'01. TH'!$B66,'TỔNG KLH + TN'!$C:$C,'01. TH'!L$4) -> 0 | M66: =COUNTIFS('TỔNG KLH + TN'!$B:$B,'01. TH'!$B66,'TỔNG KLH + TN'!$C:$C,'01. TH'!M$4) -> 0 | ... AD66: =COUNTIFS('TỔNG KLH + TN'!$B:$B,'01. TH'!$B66,'TỔNG KLH + TN'!$C:$C,'01. TH'!AD$4) -> 0 | AE66: =SUM(F66:AD66) -> 0 | AG66: =IF(AE66=SUM(F66:AD66),"ok","SAI") -> ok
A67: 8 | B67: Xe bồn | D67: =IFERROR(VLOOKUP(B67,'Danh mục'!$G:$U,15,0),"") | F67: =SUM(F68:F76) -> 0 | G67: =SUM(G68:G76) -> 0 | H67: =SUM(H68:H76) -> 0 | I67: =SUM(I68:I76) -> 0 | J67: =SUM(J68:J76) -> 0 | K67: =SUM(K68:K76) -> 0 | L67: =SUM(L68:L76) -> 0 | M67: =SUM(M68:M76) -> 0 | ... AE67: =SUM(AE68:AE76) -> 17 | AF67: 0 | AG67: =IF(AE67=SUM(F67:AD67),"ok","SAI") -> ok
B68: Xe ben AUMAN GTL D300 E4 (Cấp đầu) | C68: 375HP | D68: =IFERROR(VLOOKUP(B68,'Danh mục'!$G:$U,15,0),"") -> 9290 x 2500 x 3370 | E68: Xe | F68: =COUNTIFS('TỔNG KLH + TN'!$B:$B,'01. TH'!$B68,'TỔNG KLH + TN'!$C:$C,'01. TH'!F$4) -> 0 | G68: =COUNTIFS('TỔNG KLH + TN'!$B:$B,'01. TH'!$B68,'TỔNG KLH + TN'!$C:$C,'01. TH'!G$4) -> 0 | H68: =COUNTIFS('TỔNG KLH + TN'!$B:$B,'01. TH'!$B68,'TỔNG KLH + TN'!$C:$C,'01. TH'!H$4) -> 0 | I68: =COUNTIFS('TỔNG KLH + TN'!$B:$B,'01. TH'!$B68,'TỔNG KLH + TN'!$C:$C,'01. TH'!I$4) -> 0 | J68: =COUNTIFS('TỔNG KLH + TN'!$B:$B,'01. TH'!$B68,'TỔNG KLH + TN'!$C:$C,'01. TH'!J$4) -> 0 | K68: =COUNTIFS('TỔNG KLH + TN'!$B:$B,'01. TH'!$B68,'TỔNG KLH + TN'!$C:$C,'01. TH'!K$4) -> 0 | L68: =COUNTIFS('TỔNG KLH + TN'!$B:$B,'01. TH'!$B68,'TỔNG KLH + TN'!$C:$C,'01. TH'!L$4) -> 0 | M68: =COUNTIFS('TỔNG KLH + TN'!$B:$B,'01. TH'!$B68,'TỔNG KLH + TN'!$C:$C,'01. TH'!M$4) -> 0 | ... AD68: =COUNTIFS('TỔNG KLH + TN'!$B:$B,'01. TH'!$B68,'TỔNG KLH + TN'!$C:$C,'01. TH'!AD$4) -> 0 | AE68: =SUM(F68:AD68) -> 0 | AG68: =IF(AE68=SUM(F68:AD68),"ok","SAI") -> ok
B69: Xe ben FD850 | C69: 140HP | D69: =IFERROR(VLOOKUP(B69,'Danh mục'!$G:$U,15,0),"") -> 6170 x 2330 x 2750 | E69: Xe | F69: =COUNTIFS('TỔNG KLH + TN'!$B:$B,'01. TH'!$B69,'TỔNG KLH + TN'!$C:$C,'01. TH'!F$4) -> 0 | G69: =COUNTIFS('TỔNG KLH + TN'!$B:$B,'01. TH'!$B69,'TỔNG KLH + TN'!$C:$C,'01. TH'!G$4) -> 0 | H69: =COUNTIFS('TỔNG KLH + TN'!$B:$B,'01. TH'!$B69,'TỔNG KLH + TN'!$C:$C,'01. TH'!H$4) -> 0 | I69: =COUNTIFS('TỔNG KLH + TN'!$B:$B,'01. TH'!$B69,'TỔNG KLH + TN'!$C:$C,'01. TH'!I$4) -> 0 | J69: =COUNTIFS('TỔNG KLH + TN'!$B:$B,'01. TH'!$B69,'TỔNG KLH + TN'!$C:$C,'01. TH'!J$4) -> 0 | K69: =COUNTIFS('TỔNG KLH + TN'!$B:$B,'01. TH'!$B69,'TỔNG KLH + TN'!$C:$C,'01. TH'!K$4) -> 0 | L69: =COUNTIFS('TỔNG KLH + TN'!$B:$B,'01. TH'!$B69,'TỔNG KLH + TN'!$C:$C,'01. TH'!L$4) -> 0 | M69: =COUNTIFS('TỔNG KLH + TN'!$B:$B,'01. TH'!$B69,'TỔNG KLH + TN'!$C:$C,'01. TH'!M$4) -> 0 | ... AD69: =COUNTIFS('TỔNG KLH + TN'!$B:$B,'01. TH'!$B69,'TỔNG KLH + TN'!$C:$C,'01. TH'!AD$4) -> 0 | AE69: =SUM(F69:AD69) -> 1 | AG69: =IF(AE69=SUM(F69:AD69),"ok","SAI") -> ok
B70: Xe bồn AUMAN ETX D300 | C70: 330HP | D70: =IFERROR(VLOOKUP(B70,'Danh mục'!$G:$U,15,0),"") -> 9290 x 2500 x 3370 | E70: Xe | F70: =COUNTIFS('TỔNG KLH + TN'!$B:$B,'01. TH'!$B70,'TỔNG KLH + TN'!$C:$C,'01. TH'!F$4) -> 0 | G70: =COUNTIFS('TỔNG KLH + TN'!$B:$B,'01. TH'!$B70,'TỔNG KLH + TN'!$C:$C,'01. TH'!G$4) -> 0 | H70: =COUNTIFS('TỔNG KLH + TN'!$B:$B,'01. TH'!$B70,'TỔNG KLH + TN'!$C:$C,'01. TH'!H$4) -> 0 | I70: =COUNTIFS('TỔNG KLH + TN'!$B:$B,'01. TH'!$B70,'TỔNG KLH + TN'!$C:$C,'01. TH'!I$4) -> 0 | J70: =COUNTIFS('TỔNG KLH + TN'!$B:$B,'01. TH'!$B70,'TỔNG KLH + TN'!$C:$C,'01. TH'!J$4) -> 0 | K70: =COUNTIFS('TỔNG KLH + TN'!$B:$B,'01. TH'!$B70,'TỔNG KLH + TN'!$C:$C,'01. TH'!K$4) -> 0 | L70: =COUNTIFS('TỔNG KLH + TN'!$B:$B,'01. TH'!$B70,'TỔNG KLH + TN'!$C:$C,'01. TH'!L$4) -> 0 | M70: =COUNTIFS('TỔNG KLH + TN'!$B:$B,'01. TH'!$B70,'TỔNG KLH + TN'!$C:$C,'01. TH'!M$4) -> 0 | ... AD70: =COUNTIFS('TỔNG KLH + TN'!$B:$B,'01. TH'!$B70,'TỔNG KLH + TN'!$C:$C,'01. TH'!AD$4) -> 0 | AE70: =SUM(F70:AD70) -> 0 | AG70: =IF(AE70=SUM(F70:AD70),"ok","SAI") -> ok
B71: Xe bồn AUMAN ETX D300 (Bồn tưới 18m3) | C71: 336HP | D71: =IFERROR(VLOOKUP(B71,'Danh mục'!$G:$U,15,0),"") -> 9290 x 2500 x 3370 | E71: Xe | F71: =COUNTIFS('TỔNG KLH + TN'!$B:$B,'01. TH'!$B71,'TỔNG KLH + TN'!$C:$C,'01. TH'!F$4) -> 0 | G71: =COUNTIFS('TỔNG KLH + TN'!$B:$B,'01. TH'!$B71,'TỔNG KLH + TN'!$C:$C,'01. TH'!G$4) -> 0 | H71: =COUNTIFS('TỔNG KLH + TN'!$B:$B,'01. TH'!$B71,'TỔNG KLH + TN'!$C:$C,'01. TH'!H$4) -> 0 | I71: =COUNTIFS('TỔNG KLH + TN'!$B:$B,'01. TH'!$B71,'TỔNG KLH + TN'!$C:$C,'01. TH'!I$4) -> 0 | J71: =COUNTIFS('TỔNG KLH + TN'!$B:$B,'01. TH'!$B71,'TỔNG KLH + TN'!$C:$C,'01. TH'!J$4) -> 0 | K71: =COUNTIFS('TỔNG KLH + TN'!$B:$B,'01. TH'!$B71,'TỔNG KLH + TN'!$C:$C,'01. TH'!K$4) -> 0 | L71: =COUNTIFS('TỔNG KLH + TN'!$B:$B,'01. TH'!$B71,'TỔNG KLH + TN'!$C:$C,'01. TH'!L$4) -> 0 | M71: =COUNTIFS('TỔNG KLH + TN'!$B:$B,'01. TH'!$B71,'TỔNG KLH + TN'!$C:$C,'01. TH'!M$4) -> 0 | ... AD71: =COUNTIFS('TỔNG KLH + TN'!$B:$B,'01. TH'!$B71,'TỔNG KLH + TN'!$C:$C,'01. TH'!AD$4) -> 0 | AE71: =SUM(F71:AD71) -> 1 | AG71: =IF(AE71=SUM(F71:AD71),"ok","SAI") -> ok
B72: Xe tải AUMAN GTL D300 E4 (Cấp dầu) | C72: 375HP | D72: =IFERROR(VLOOKUP(B72,'Danh mục'!$G:$U,15,0),"") -> 9290 x 2500 x 3370 | E72: Xe | F72: =COUNTIFS('TỔNG KLH + TN'!$B:$B,'01. TH'!$B72,'TỔNG KLH + TN'!$C:$C,'01. TH'!F$4) -> 0 | G72: =COUNTIFS('TỔNG KLH + TN'!$B:$B,'01. TH'!$B72,'TỔNG KLH + TN'!$C:$C,'01. TH'!G$4) -> 0 | H72: =COUNTIFS('TỔNG KLH + TN'!$B:$B,'01. TH'!$B72,'TỔNG KLH + TN'!$C:$C,'01. TH'!H$4) -> 0 | I72: =COUNTIFS('TỔNG KLH + TN'!$B:$B,'01. TH'!$B72,'TỔNG KLH + TN'!$C:$C,'01. TH'!I$4) -> 0 | J72: =COUNTIFS('TỔNG KLH + TN'!$B:$B,'01. TH'!$B72,'TỔNG KLH + TN'!$C:$C,'01. TH'!J$4) -> 0 | K72: =COUNTIFS('TỔNG KLH + TN'!$B:$B,'01. TH'!$B72,'TỔNG KLH + TN'!$C:$C,'01. TH'!K$4) -> 0 | L72: =COUNTIFS('TỔNG KLH + TN'!$B:$B,'01. TH'!$B72,'TỔNG KLH + TN'!$C:$C,'01. TH'!L$4) -> 0 | M72: =COUNTIFS('TỔNG KLH + TN'!$B:$B,'01. TH'!$B72,'TỔNG KLH + TN'!$C:$C,'01. TH'!M$4) -> 0 | ... AD72: =COUNTIFS('TỔNG KLH + TN'!$B:$B,'01. TH'!$B72,'TỔNG KLH + TN'!$C:$C,'01. TH'!AD$4) -> 0 | AE72: =SUM(F72:AD72) -> 4 | AG72: =IF(AE72=SUM(F72:AD72),"ok","SAI") -> ok
B73: Xe tải bồn CNHTC Sinotruk | C73: 338HP | D73: =IFERROR(VLOOKUP(B73,'Danh mục'!$G:$U,15,0),"") -> 9270 x 2500 x 3860 | E73: Xe | F73: =COUNTIFS('TỔNG KLH + TN'!$B:$B,'01. TH'!$B73,'TỔNG KLH + TN'!$C:$C,'01. TH'!F$4) -> 0 | G73: =COUNTIFS('TỔNG KLH + TN'!$B:$B,'01. TH'!$B73,'TỔNG KLH + TN'!$C:$C,'01. TH'!G$4) -> 0 | H73: =COUNTIFS('TỔNG KLH + TN'!$B:$B,'01. TH'!$B73,'TỔNG KLH + TN'!$C:$C,'01. TH'!H$4) -> 0 | I73: =COUNTIFS('TỔNG KLH + TN'!$B:$B,'01. TH'!$B73,'TỔNG KLH + TN'!$C:$C,'01. TH'!I$4) -> 0 | J73: =COUNTIFS('TỔNG KLH + TN'!$B:$B,'01. TH'!$B73,'TỔNG KLH + TN'!$C:$C,'01. TH'!J$4) -> 0 | K73: =COUNTIFS('TỔNG KLH + TN'!$B:$B,'01. TH'!$B73,'TỔNG KLH + TN'!$C:$C,'01. TH'!K$4) -> 0 | L73: =COUNTIFS('TỔNG KLH + TN'!$B:$B,'01. TH'!$B73,'TỔNG KLH + TN'!$C:$C,'01. TH'!L$4) -> 0 | M73: =COUNTIFS('TỔNG KLH + TN'!$B:$B,'01. TH'!$B73,'TỔNG KLH + TN'!$C:$C,'01. TH'!M$4) -> 0 | ... AD73: =COUNTIFS('TỔNG KLH + TN'!$B:$B,'01. TH'!$B73,'TỔNG KLH + TN'!$C:$C,'01. TH'!AD$4) -> 0 | AE73: =SUM(F73:AD73) -> 6 | AG73: =IF(AE73=SUM(F73:AD73),"ok","SAI") -> ok
B74: Xe tải bồn FORTON | C74: 335HP | D74: =IFERROR(VLOOKUP(B74,'Danh mục'!$G:$U,15,0),"") -> 9830 x 2530 x 4000 | E74: Xe | F74: =COUNTIFS('TỔNG KLH + TN'!$B:$B,'01. TH'!$B74,'TỔNG KLH + TN'!$C:$C,'01. TH'!F$4) -> 0 | G74: =COUNTIFS('TỔNG KLH + TN'!$B:$B,'01. TH'!$B74,'TỔNG KLH + TN'!$C:$C,'01. TH'!G$4) -> 0 | H74: =COUNTIFS('TỔNG KLH + TN'!$B:$B,'01. TH'!$B74,'TỔNG KLH + TN'!$C:$C,'01. TH'!H$4) -> 0 | I74: =COUNTIFS('TỔNG KLH + TN'!$B:$B,'01. TH'!$B74,'TỔNG KLH + TN'!$C:$C,'01. TH'!I$4) -> 0 | J74: =COUNTIFS('TỔNG KLH + TN'!$B:$B,'01. TH'!$B74,'TỔNG KLH + TN'!$C:$C,'01. TH'!J$4) -> 0 | K74: =COUNTIFS('TỔNG KLH + TN'!$B:$B,'01. TH'!$B74,'TỔNG KLH + TN'!$C:$C,'01. TH'!K$4) -> 0 | L74: =COUNTIFS('TỔNG KLH + TN'!$B:$B,'01. TH'!$B74,'TỔNG KLH + TN'!$C:$C,'01. TH'!L$4) -> 0 | M74: =COUNTIFS('TỔNG KLH + TN'!$B:$B,'01. TH'!$B74,'TỔNG KLH + TN'!$C:$C,'01. TH'!M$4) -> 0 | ... AD74: =COUNTIFS('TỔNG KLH + TN'!$B:$B,'01. TH'!$B74,'TỔNG KLH + TN'!$C:$C,'01. TH'!AD$4) -> 0 | AE74: =SUM(F74:AD74) -> 1 | AG74: =IF(AE74=SUM(F74:AD74),"ok","SAI") -> ok
B75: Xe tải bồn HYUNDAI HD 270 | C75: 280HP | D75: =IFERROR(VLOOKUP(B75,'Danh mục'!$G:$U,15,0),"") -> 8310 x 2495 x 3600 | E75: Xe | F75: =COUNTIFS('TỔNG KLH + TN'!$B:$B,'01. TH'!$B75,'TỔNG KLH + TN'!$C:$C,'01. TH'!F$4) -> 0 | G75: =COUNTIFS('TỔNG KLH + TN'!$B:$B,'01. TH'!$B75,'TỔNG KLH + TN'!$C:$C,'01. TH'!G$4) -> 0 | H75: =COUNTIFS('TỔNG KLH + TN'!$B:$B,'01. TH'!$B75,'TỔNG KLH + TN'!$C:$C,'01. TH'!H$4) -> 0 | I75: =COUNTIFS('TỔNG KLH + TN'!$B:$B,'01. TH'!$B75,'TỔNG KLH + TN'!$C:$C,'01. TH'!I$4) -> 0 | J75: =COUNTIFS('TỔNG KLH + TN'!$B:$B,'01. TH'!$B75,'TỔNG KLH + TN'!$C:$C,'01. TH'!J$4) -> 0 | K75: =COUNTIFS('TỔNG KLH + TN'!$B:$B,'01. TH'!$B75,'TỔNG KLH + TN'!$C:$C,'01. TH'!K$4) -> 0 | L75: =COUNTIFS('TỔNG KLH + TN'!$B:$B,'01. TH'!$B75,'TỔNG KLH + TN'!$C:$C,'01. TH'!L$4) -> 0 | M75: =COUNTIFS('TỔNG KLH + TN'!$B:$B,'01. TH'!$B75,'TỔNG KLH + TN'!$C:$C,'01. TH'!M$4) -> 0 | ... AD75: =COUNTIFS('TỔNG KLH + TN'!$B:$B,'01. TH'!$B75,'TỔNG KLH + TN'!$C:$C,'01. TH'!AD$4) -> 0 | AE75: =SUM(F75:AD75) -> 3 | AG75: =IF(AE75=SUM(F75:AD75),"ok","SAI") -> ok
B76: Xe tải FD850 (Cấp dầu) | C76: 140HP | D76: =IFERROR(VLOOKUP(B76,'Danh mục'!$G:$U,15,0),"") -> 6170 x 2330 x 2750 | E76: Xe | F76: =COUNTIFS('TỔNG KLH + TN'!$B:$B,'01. TH'!$B76,'TỔNG KLH + TN'!$C:$C,'01. TH'!F$4) -> 0 | G76: =COUNTIFS('TỔNG KLH + TN'!$B:$B,'01. TH'!$B76,'TỔNG KLH + TN'!$C:$C,'01. TH'!G$4) -> 0 | H76: =COUNTIFS('TỔNG KLH + TN'!$B:$B,'01. TH'!$B76,'TỔNG KLH + TN'!$C:$C,'01. TH'!H$4) -> 0 | I76: =COUNTIFS('TỔNG KLH + TN'!$B:$B,'01. TH'!$B76,'TỔNG KLH + TN'!$C:$C,'01. TH'!I$4) -> 0 | J76: =COUNTIFS('TỔNG KLH + TN'!$B:$B,'01. TH'!$B76,'TỔNG KLH + TN'!$C:$C,'01. TH'!J$4) -> 0 | K76: =COUNTIFS('TỔNG KLH + TN'!$B:$B,'01. TH'!$B76,'TỔNG KLH + TN'!$C:$C,'01. TH'!K$4) -> 0 | L76: =COUNTIFS('TỔNG KLH + TN'!$B:$B,'01. TH'!$B76,'TỔNG KLH + TN'!$C:$C,'01. TH'!L$4) -> 0 | M76: =COUNTIFS('TỔNG KLH + TN'!$B:$B,'01. TH'!$B76,'TỔNG KLH + TN'!$C:$C,'01. TH'!M$4) -> 0 | ... AD76: =COUNTIFS('TỔNG KLH + TN'!$B:$B,'01. TH'!$B76,'TỔNG KLH + TN'!$C:$C,'01. TH'!AD$4) -> 0 | AE76: =SUM(F76:AD76) -> 1 | AG76: =IF(AE76=SUM(F76:AD76),"ok","SAI") -> ok
A77: 9 | B77: Xe cẩu | D77: =IFERROR(VLOOKUP(B77,'Danh mục'!$G:$U,15,0),"") | F77: =SUM(F78:F84) -> 0 | G77: =SUM(G78:G84) -> 0 | H77: =SUM(H78:H84) -> 0 | I77: =SUM(I78:I84) -> 0 | J77: =SUM(J78:J84) -> 0 | K77: =SUM(K78:K84) -> 0 | L77: =SUM(L78:L84) -> 1 | M77: =SUM(M78:M84) -> 0 | ... AE77: =SUM(AE78:AE84) -> 9 | AF77: 1 | AG77: =IF(AE77=SUM(F77:AD77),"ok","SAI") -> ok
B78: Xe cẩu 3.5 tấn | C78: 160HP | D78: =IFERROR(VLOOKUP(B78,'Danh mục'!$G:$U,15,0),"") -> 9120 x 2450 x 3160 | E78: Xe | F78: =COUNTIFS('TỔNG KLH + TN'!$B:$B,'01. TH'!$B78,'TỔNG KLH + TN'!$C:$C,'01. TH'!F$4) -> 0 | G78: =COUNTIFS('TỔNG KLH + TN'!$B:$B,'01. TH'!$B78,'TỔNG KLH + TN'!$C:$C,'01. TH'!G$4) -> 0 | H78: =COUNTIFS('TỔNG KLH + TN'!$B:$B,'01. TH'!$B78,'TỔNG KLH + TN'!$C:$C,'01. TH'!H$4) -> 0 | I78: =COUNTIFS('TỔNG KLH + TN'!$B:$B,'01. TH'!$B78,'TỔNG KLH + TN'!$C:$C,'01. TH'!I$4) -> 0 | J78: =COUNTIFS('TỔNG KLH + TN'!$B:$B,'01. TH'!$B78,'TỔNG KLH + TN'!$C:$C,'01. TH'!J$4) -> 0 | K78: =COUNTIFS('TỔNG KLH + TN'!$B:$B,'01. TH'!$B78,'TỔNG KLH + TN'!$C:$C,'01. TH'!K$4) -> 0 | L78: =COUNTIFS('TỔNG KLH + TN'!$B:$B,'01. TH'!$B78,'TỔNG KLH + TN'!$C:$C,'01. TH'!L$4) -> 1 | M78: =COUNTIFS('TỔNG KLH + TN'!$B:$B,'01. TH'!$B78,'TỔNG KLH + TN'!$C:$C,'01. TH'!M$4) -> 0 | ... AD78: =COUNTIFS('TỔNG KLH + TN'!$B:$B,'01. TH'!$B78,'TỔNG KLH + TN'!$C:$C,'01. TH'!AD$4) -> 0 | AE78: =SUM(F78:AD78) -> 2 | AG78: =IF(AE78=SUM(F78:AD78),"ok","SAI") -> ok
B79: Xe cẩu Hyundai 5 tấn | C79: 180HP | D79: =IFERROR(VLOOKUP(B79,'Danh mục'!$G:$U,15,0),"") | E79: Xe | F79: =COUNTIFS('TỔNG KLH + TN'!$B:$B,'01. TH'!$B79,'TỔNG KLH + TN'!$C:$C,'01. TH'!F$4) -> 0 | G79: =COUNTIFS('TỔNG KLH + TN'!$B:$B,'01. TH'!$B79,'TỔNG KLH + TN'!$C:$C,'01. TH'!G$4) -> 0 | H79: =COUNTIFS('TỔNG KLH + TN'!$B:$B,'01. TH'!$B79,'TỔNG KLH + TN'!$C:$C,'01. TH'!H$4) -> 0 | I79: =COUNTIFS('TỔNG KLH + TN'!$B:$B,'01. TH'!$B79,'TỔNG KLH + TN'!$C:$C,'01. TH'!I$4) -> 0 | J79: =COUNTIFS('TỔNG KLH + TN'!$B:$B,'01. TH'!$B79,'TỔNG KLH + TN'!$C:$C,'01. TH'!J$4) -> 0 | K79: =COUNTIFS('TỔNG KLH + TN'!$B:$B,'01. TH'!$B79,'TỔNG KLH + TN'!$C:$C,'01. TH'!K$4) -> 0 | L79: =COUNTIFS('TỔNG KLH + TN'!$B:$B,'01. TH'!$B79,'TỔNG KLH + TN'!$C:$C,'01. TH'!L$4) -> 0 | M79: =COUNTIFS('TỔNG KLH + TN'!$B:$B,'01. TH'!$B79,'TỔNG KLH + TN'!$C:$C,'01. TH'!M$4) -> 0 | ... AD79: =COUNTIFS('TỔNG KLH + TN'!$B:$B,'01. TH'!$B79,'TỔNG KLH + TN'!$C:$C,'01. TH'!AD$4) -> 0 | AE79: =SUM(F79:AD79) -> 1 | AG79: =IF(AE79=SUM(F79:AD79),"ok","SAI") -> ok
B80: Xe cẩu 5 tấn | C80: 180HP | D80: =IFERROR(VLOOKUP(B80,'Danh mục'!$G:$U,15,0),"") | E80: Xe | F80: =COUNTIFS('TỔNG KLH + TN'!$B:$B,'01. TH'!$B80,'TỔNG KLH + TN'!$C:$C,'01. TH'!F$4) -> 0 | G80: =COUNTIFS('TỔNG KLH + TN'!$B:$B,'01. TH'!$B80,'TỔNG KLH + TN'!$C:$C,'01. TH'!G$4) -> 0 | H80: =COUNTIFS('TỔNG KLH + TN'!$B:$B,'01. TH'!$B80,'TỔNG KLH + TN'!$C:$C,'01. TH'!H$4) -> 0 | I80: =COUNTIFS('TỔNG KLH + TN'!$B:$B,'01. TH'!$B80,'TỔNG KLH + TN'!$C:$C,'01. TH'!I$4) -> 0 | J80: =COUNTIFS('TỔNG KLH + TN'!$B:$B,'01. TH'!$B80,'TỔNG KLH + TN'!$C:$C,'01. TH'!J$4) -> 0 | K80: =COUNTIFS('TỔNG KLH + TN'!$B:$B,'01. TH'!$B80,'TỔNG KLH + TN'!$C:$C,'01. TH'!K$4) -> 0 | L80: =COUNTIFS('TỔNG KLH + TN'!$B:$B,'01. TH'!$B80,'TỔNG KLH + TN'!$C:$C,'01. TH'!L$4) -> 0 | M80: =COUNTIFS('TỔNG KLH + TN'!$B:$B,'01. TH'!$B80,'TỔNG KLH + TN'!$C:$C,'01. TH'!M$4) -> 0 | ... AD80: =COUNTIFS('TỔNG KLH + TN'!$B:$B,'01. TH'!$B80,'TỔNG KLH + TN'!$C:$C,'01. TH'!AD$4) -> 0 | AE80: =SUM(F80:AD80) -> 1 | AG80: =IF(AE80=SUM(F80:AD80),"ok","SAI") -> ok
B81: Xe cẩu AUMAN 15 tấn | C81: 335HP | D81: =IFERROR(VLOOKUP(B81,'Danh mục'!$G:$U,15,0),"") -> 12160 x 2500 x 3950 | E81: Xe | F81: =COUNTIFS('TỔNG KLH + TN'!$B:$B,'01. TH'!$B81,'TỔNG KLH + TN'!$C:$C,'01. TH'!F$4) -> 0 | G81: =COUNTIFS('TỔNG KLH + TN'!$B:$B,'01. TH'!$B81,'TỔNG KLH + TN'!$C:$C,'01. TH'!G$4) -> 0 | H81: =COUNTIFS('TỔNG KLH + TN'!$B:$B,'01. TH'!$B81,'TỔNG KLH + TN'!$C:$C,'01. TH'!H$4) -> 0 | I81: =COUNTIFS('TỔNG KLH + TN'!$B:$B,'01. TH'!$B81,'TỔNG KLH + TN'!$C:$C,'01. TH'!I$4) -> 0 | J81: =COUNTIFS('TỔNG KLH + TN'!$B:$B,'01. TH'!$B81,'TỔNG KLH + TN'!$C:$C,'01. TH'!J$4) -> 0 | K81: =COUNTIFS('TỔNG KLH + TN'!$B:$B,'01. TH'!$B81,'TỔNG KLH + TN'!$C:$C,'01. TH'!K$4) -> 0 | L81: =COUNTIFS('TỔNG KLH + TN'!$B:$B,'01. TH'!$B81,'TỔNG KLH + TN'!$C:$C,'01. TH'!L$4) -> 0 | M81: =COUNTIFS('TỔNG KLH + TN'!$B:$B,'01. TH'!$B81,'TỔNG KLH + TN'!$C:$C,'01. TH'!M$4) -> 0 | ... AD81: =COUNTIFS('TỔNG KLH + TN'!$B:$B,'01. TH'!$B81,'TỔNG KLH + TN'!$C:$C,'01. TH'!AD$4) -> 0 | AE81: =SUM(F81:AD81) -> 1 | AG81: =IF(AE81=SUM(F81:AD81),"ok","SAI") -> ok
B82: Xe cẩu bàn 5 tấn | C82: 380HP | D82: =IFERROR(VLOOKUP(B82,'Danh mục'!$G:$U,15,0),"") -> 11825 x 2500 x 3720 | E82: Xe | F82: =COUNTIFS('TỔNG KLH + TN'!$B:$B,'01. TH'!$B82,'TỔNG KLH + TN'!$C:$C,'01. TH'!F$4) -> 0 | G82: =COUNTIFS('TỔNG KLH + TN'!$B:$B,'01. TH'!$B82,'TỔNG KLH + TN'!$C:$C,'01. TH'!G$4) -> 0 | H82: =COUNTIFS('TỔNG KLH + TN'!$B:$B,'01. TH'!$B82,'TỔNG KLH + TN'!$C:$C,'01. TH'!H$4) -> 0 | I82: =COUNTIFS('TỔNG KLH + TN'!$B:$B,'01. TH'!$B82,'TỔNG KLH + TN'!$C:$C,'01. TH'!I$4) -> 0 | J82: =COUNTIFS('TỔNG KLH + TN'!$B:$B,'01. TH'!$B82,'TỔNG KLH + TN'!$C:$C,'01. TH'!J$4) -> 0 | K82: =COUNTIFS('TỔNG KLH + TN'!$B:$B,'01. TH'!$B82,'TỔNG KLH + TN'!$C:$C,'01. TH'!K$4) -> 0 | L82: =COUNTIFS('TỔNG KLH + TN'!$B:$B,'01. TH'!$B82,'TỔNG KLH + TN'!$C:$C,'01. TH'!L$4) -> 0 | M82: =COUNTIFS('TỔNG KLH + TN'!$B:$B,'01. TH'!$B82,'TỔNG KLH + TN'!$C:$C,'01. TH'!M$4) -> 0 | ... AD82: =COUNTIFS('TỔNG KLH + TN'!$B:$B,'01. TH'!$B82,'TỔNG KLH + TN'!$C:$C,'01. TH'!AD$4) -> 0 | AE82: =SUM(F82:AD82) -> 1 | AG82: =IF(AE82=SUM(F82:AD82),"ok","SAI") -> ok
B83: Xe cẩu thùng FOTON AUMAN 8 tấn | C83: 266HP | D83: =IFERROR(VLOOKUP(B83,'Danh mục'!$G:$U,15,0),"") -> 11845 x 2500 x 3690 | E83: Xe | F83: =COUNTIFS('TỔNG KLH + TN'!$B:$B,'01. TH'!$B83,'TỔNG KLH + TN'!$C:$C,'01. TH'!F$4) -> 0 | G83: =COUNTIFS('TỔNG KLH + TN'!$B:$B,'01. TH'!$B83,'TỔNG KLH + TN'!$C:$C,'01. TH'!G$4) -> 0 | H83: =COUNTIFS('TỔNG KLH + TN'!$B:$B,'01. TH'!$B83,'TỔNG KLH + TN'!$C:$C,'01. TH'!H$4) -> 0 | I83: =COUNTIFS('TỔNG KLH + TN'!$B:$B,'01. TH'!$B83,'TỔNG KLH + TN'!$C:$C,'01. TH'!I$4) -> 0 | J83: =COUNTIFS('TỔNG KLH + TN'!$B:$B,'01. TH'!$B83,'TỔNG KLH + TN'!$C:$C,'01. TH'!J$4) -> 0 | K83: =COUNTIFS('TỔNG KLH + TN'!$B:$B,'01. TH'!$B83,'TỔNG KLH + TN'!$C:$C,'01. TH'!K$4) -> 0 | L83: =COUNTIFS('TỔNG KLH + TN'!$B:$B,'01. TH'!$B83,'TỔNG KLH + TN'!$C:$C,'01. TH'!L$4) -> 0 | M83: =COUNTIFS('TỔNG KLH + TN'!$B:$B,'01. TH'!$B83,'TỔNG KLH + TN'!$C:$C,'01. TH'!M$4) -> 0 | ... AD83: =COUNTIFS('TỔNG KLH + TN'!$B:$B,'01. TH'!$B83,'TỔNG KLH + TN'!$C:$C,'01. TH'!AD$4) -> 0 | AE83: =SUM(F83:AD83) -> 2 | AG83: =IF(AE83=SUM(F83:AD83),"ok","SAI") -> ok
B84: Xe cẩu ZOOMLION 55 tấn | C84: 336HP | D84: =IFERROR(VLOOKUP(B84,'Danh mục'!$G:$U,15,0),"") -> 13530 x 2600 x 3700 | E84: Xe | F84: =COUNTIFS('TỔNG KLH + TN'!$B:$B,'01. TH'!$B84,'TỔNG KLH + TN'!$C:$C,'01. TH'!F$4) -> 0 | G84: =COUNTIFS('TỔNG KLH + TN'!$B:$B,'01. TH'!$B84,'TỔNG KLH + TN'!$C:$C,'01. TH'!G$4) -> 0 | H84: =COUNTIFS('TỔNG KLH + TN'!$B:$B,'01. TH'!$B84,'TỔNG KLH + TN'!$C:$C,'01. TH'!H$4) -> 0 | I84: =COUNTIFS('TỔNG KLH + TN'!$B:$B,'01. TH'!$B84,'TỔNG KLH + TN'!$C:$C,'01. TH'!I$4) -> 0 | J84: =COUNTIFS('TỔNG KLH + TN'!$B:$B,'01. TH'!$B84,'TỔNG KLH + TN'!$C:$C,'01. TH'!J$4) -> 0 | K84: =COUNTIFS('TỔNG KLH + TN'!$B:$B,'01. TH'!$B84,'TỔNG KLH + TN'!$C:$C,'01. TH'!K$4) -> 0 | L84: =COUNTIFS('TỔNG KLH + TN'!$B:$B,'01. TH'!$B84,'TỔNG KLH + TN'!$C:$C,'01. TH'!L$4) -> 0 | M84: =COUNTIFS('TỔNG KLH + TN'!$B:$B,'01. TH'!$B84,'TỔNG KLH + TN'!$C:$C,'01. TH'!M$4) -> 0 | ... AD84: =COUNTIFS('TỔNG KLH + TN'!$B:$B,'01. TH'!$B84,'TỔNG KLH + TN'!$C:$C,'01. TH'!AD$4) -> 0 | AE84: =SUM(F84:AD84) -> 1 | AG84: =IF(AE84=SUM(F84:AD84),"ok","SAI") -> ok
A85: 10 | B85: Đầu kéo | D85: =IFERROR(VLOOKUP(B85,'Danh mục'!$G:$U,15,0),"") | F85: =SUM(F86:F89) -> 0 | G85: =SUM(G86:G89) -> 0 | H85: =SUM(H86:H89) -> 0 | I85: =SUM(I86:I89) -> 0 | J85: =SUM(J86:J89) -> 0 | K85: =SUM(K86:K89) -> 0 | L85: =SUM(L86:L89) -> 0 | M85: =SUM(M86:M89) -> 0 | ... AE85: =SUM(AE86:AE89) -> 6 | AF85: 0 | AG85: =IF(AE85=SUM(F85:AD85),"ok","SAI") -> ok
B86: Xe container FUSO FZ49 | C86: 280HP | D86: =IFERROR(VLOOKUP(B86,'Danh mục'!$G:$U,15,0),"") | E86: Xe | F86: =COUNTIFS('TỔNG KLH + TN'!$B:$B,'01. TH'!$B86,'TỔNG KLH + TN'!$C:$C,'01. TH'!F$4) -> 0 | G86: =COUNTIFS('TỔNG KLH + TN'!$B:$B,'01. TH'!$B86,'TỔNG KLH + TN'!$C:$C,'01. TH'!G$4) -> 0 | H86: =COUNTIFS('TỔNG KLH + TN'!$B:$B,'01. TH'!$B86,'TỔNG KLH + TN'!$C:$C,'01. TH'!H$4) -> 0 | I86: =COUNTIFS('TỔNG KLH + TN'!$B:$B,'01. TH'!$B86,'TỔNG KLH + TN'!$C:$C,'01. TH'!I$4) -> 0 | J86: =COUNTIFS('TỔNG KLH + TN'!$B:$B,'01. TH'!$B86,'TỔNG KLH + TN'!$C:$C,'01. TH'!J$4) -> 0 | K86: =COUNTIFS('TỔNG KLH + TN'!$B:$B,'01. TH'!$B86,'TỔNG KLH + TN'!$C:$C,'01. TH'!K$4) -> 0 | L86: =COUNTIFS('TỔNG KLH + TN'!$B:$B,'01. TH'!$B86,'TỔNG KLH + TN'!$C:$C,'01. TH'!L$4) -> 0 | M86: =COUNTIFS('TỔNG KLH + TN'!$B:$B,'01. TH'!$B86,'TỔNG KLH + TN'!$C:$C,'01. TH'!M$4) -> 0 | ... AD86: =COUNTIFS('TỔNG KLH + TN'!$B:$B,'01. TH'!$B86,'TỔNG KLH + TN'!$C:$C,'01. TH'!AD$4) -> 0 | AE86: =SUM(F86:AD86) -> 6 | AG86: =IF(AE86=SUM(F86:AD86),"ok","SAI") -> ok
B87: Xe đầu kéo FD1600B | C87: 177HP | D87: 5705x2530x2940 | E87: Xe | F87: =COUNTIFS('TỔNG KLH + TN'!$B:$B,'01. TH'!$B87,'TỔNG KLH + TN'!$C:$C,'01. TH'!F$4) -> 0 | G87: =COUNTIFS('TỔNG KLH + TN'!$B:$B,'01. TH'!$B87,'TỔNG KLH + TN'!$C:$C,'01. TH'!G$4) -> 0 | H87: =COUNTIFS('TỔNG KLH + TN'!$B:$B,'01. TH'!$B87,'TỔNG KLH + TN'!$C:$C,'01. TH'!H$4) -> 0 | I87: =COUNTIFS('TỔNG KLH + TN'!$B:$B,'01. TH'!$B87,'TỔNG KLH + TN'!$C:$C,'01. TH'!I$4) -> 0 | J87: =COUNTIFS('TỔNG KLH + TN'!$B:$B,'01. TH'!$B87,'TỔNG KLH + TN'!$C:$C,'01. TH'!J$4) -> 0 | K87: =COUNTIFS('TỔNG KLH + TN'!$B:$B,'01. TH'!$B87,'TỔNG KLH + TN'!$C:$C,'01. TH'!K$4) -> 0 | L87: =COUNTIFS('TỔNG KLH + TN'!$B:$B,'01. TH'!$B87,'TỔNG KLH + TN'!$C:$C,'01. TH'!L$4) -> 0 | M87: =COUNTIFS('TỔNG KLH + TN'!$B:$B,'01. TH'!$B87,'TỔNG KLH + TN'!$C:$C,'01. TH'!M$4) -> 0 | ... AD87: =COUNTIFS('TỔNG KLH + TN'!$B:$B,'01. TH'!$B87,'TỔNG KLH + TN'!$C:$C,'01. TH'!AD$4) -> 0 | AE87: =SUM(F87:AD87) -> 0 | AG87: =IF(AE87=SUM(F87:AD87),"ok","SAI") -> ok
B88: Xe đầu kéo HOWO | C88: 299HP | D88: 6255x2500x3840 | E88: Xe | F88: =COUNTIFS('TỔNG KLH + TN'!$B:$B,'01. TH'!$B88,'TỔNG KLH + TN'!$C:$C,'01. TH'!F$4) -> 0 | G88: =COUNTIFS('TỔNG KLH + TN'!$B:$B,'01. TH'!$B88,'TỔNG KLH + TN'!$C:$C,'01. TH'!G$4) -> 0 | H88: =COUNTIFS('TỔNG KLH + TN'!$B:$B,'01. TH'!$B88,'TỔNG KLH + TN'!$C:$C,'01. TH'!H$4) -> 0 | I88: =COUNTIFS('TỔNG KLH + TN'!$B:$B,'01. TH'!$B88,'TỔNG KLH + TN'!$C:$C,'01. TH'!I$4) -> 0 | J88: =COUNTIFS('TỔNG KLH + TN'!$B:$B,'01. TH'!$B88,'TỔNG KLH + TN'!$C:$C,'01. TH'!J$4) -> 0 | K88: =COUNTIFS('TỔNG KLH + TN'!$B:$B,'01. TH'!$B88,'TỔNG KLH + TN'!$C:$C,'01. TH'!K$4) -> 0 | L88: =COUNTIFS('TỔNG KLH + TN'!$B:$B,'01. TH'!$B88,'TỔNG KLH + TN'!$C:$C,'01. TH'!L$4) -> 0 | M88: =COUNTIFS('TỔNG KLH + TN'!$B:$B,'01. TH'!$B88,'TỔNG KLH + TN'!$C:$C,'01. TH'!M$4) -> 0 | ... AD88: =COUNTIFS('TỔNG KLH + TN'!$B:$B,'01. TH'!$B88,'TỔNG KLH + TN'!$C:$C,'01. TH'!AD$4) -> 0 | AE88: =SUM(F88:AD88) -> 0 | AG88: =IF(AE88=SUM(F88:AD88),"ok","SAI") -> ok
B89: Xe đầu kéo TT261J-MT | C89: 295HP | D89: 6255x2500x3840 | E89: Xe | F89: =COUNTIFS('TỔNG KLH + TN'!$B:$B,'01. TH'!$B89,'TỔNG KLH + TN'!$C:$C,'01. TH'!F$4) -> 0 | G89: =COUNTIFS('TỔNG KLH + TN'!$B:$B,'01. TH'!$B89,'TỔNG KLH + TN'!$C:$C,'01. TH'!G$4) -> 0 | H89: =COUNTIFS('TỔNG KLH + TN'!$B:$B,'01. TH'!$B89,'TỔNG KLH + TN'!$C:$C,'01. TH'!H$4) -> 0 | I89: =COUNTIFS('TỔNG KLH + TN'!$B:$B,'01. TH'!$B89,'TỔNG KLH + TN'!$C:$C,'01. TH'!I$4) -> 0 | J89: =COUNTIFS('TỔNG KLH + TN'!$B:$B,'01. TH'!$B89,'TỔNG KLH + TN'!$C:$C,'01. TH'!J$4) -> 0 | K89: =COUNTIFS('TỔNG KLH + TN'!$B:$B,'01. TH'!$B89,'TỔNG KLH + TN'!$C:$C,'01. TH'!K$4) -> 0 | L89: =COUNTIFS('TỔNG KLH + TN'!$B:$B,'01. TH'!$B89,'TỔNG KLH + TN'!$C:$C,'01. TH'!L$4) -> 0 | M89: =COUNTIFS('TỔNG KLH + TN'!$B:$B,'01. TH'!$B89,'TỔNG KLH + TN'!$C:$C,'01. TH'!M$4) -> 0 | ... AD89: =COUNTIFS('TỔNG KLH + TN'!$B:$B,'01. TH'!$B89,'TỔNG KLH + TN'!$C:$C,'01. TH'!AD$4) -> 0 | AE89: =SUM(F89:AD89) -> 0 | AG89: =IF(AE89=SUM(F89:AD89),"ok","SAI") -> ok
A90: 11 | B90: Máy cày | D90: =IFERROR(VLOOKUP(B90,'Danh mục'!$G:$U,15,0),"") | F90: =SUM(F91:F127) -> 0 | G90: =SUM(G91:G127) -> 13 | H90: =SUM(H91:H127) -> 0 | I90: =SUM(I91:I127) -> 0 | J90: =SUM(J91:J127) -> 0 | K90: =SUM(K91:K127) -> 0 | L90: =SUM(L91:L127) -> 3 | M90: =SUM(M91:M127) -> 0 | ... AE90: =SUM(AE91:AE127) -> 36 | AF90: 19 | AG90: =IF(AE90=SUM(F90:AD90),"ok","SAI") -> ok
B91: Máy cày bánh xích ISEKI | C91: 120HP | D91: =IFERROR(VLOOKUP(B91,'Danh mục'!$G:$U,15,0),"") | E91: Xe | F91: =COUNTIFS('TỔNG KLH + TN'!$B:$B,'01. TH'!$B91,'TỔNG KLH + TN'!$C:$C,'01. TH'!F$4) -> 0 | G91: =COUNTIFS('TỔNG KLH + TN'!$B:$B,'01. TH'!$B91,'TỔNG KLH + TN'!$C:$C,'01. TH'!G$4) -> 0 | H91: =COUNTIFS('TỔNG KLH + TN'!$B:$B,'01. TH'!$B91,'TỔNG KLH + TN'!$C:$C,'01. TH'!H$4) -> 0 | I91: =COUNTIFS('TỔNG KLH + TN'!$B:$B,'01. TH'!$B91,'TỔNG KLH + TN'!$C:$C,'01. TH'!I$4) -> 0 | J91: =COUNTIFS('TỔNG KLH + TN'!$B:$B,'01. TH'!$B91,'TỔNG KLH + TN'!$C:$C,'01. TH'!J$4) -> 0 | K91: =COUNTIFS('TỔNG KLH + TN'!$B:$B,'01. TH'!$B91,'TỔNG KLH + TN'!$C:$C,'01. TH'!K$4) -> 0 | L91: =COUNTIFS('TỔNG KLH + TN'!$B:$B,'01. TH'!$B91,'TỔNG KLH + TN'!$C:$C,'01. TH'!L$4) -> 0 | M91: =COUNTIFS('TỔNG KLH + TN'!$B:$B,'01. TH'!$B91,'TỔNG KLH + TN'!$C:$C,'01. TH'!M$4) -> 0 | ... AD91: =COUNTIFS('TỔNG KLH + TN'!$B:$B,'01. TH'!$B91,'TỔNG KLH + TN'!$C:$C,'01. TH'!AD$4) -> 0 | AE91: =SUM(F91:AD91) -> 0 | AG91: =IF(AE91=SUM(F91:AD91),"ok","SAI") -> ok
B92: Máy cày bánh xích LOVOL | C92: 100HP | D92: =IFERROR(VLOOKUP(B92,'Danh mục'!$G:$U,15,0),"") | E92: Xe | F92: =COUNTIFS('TỔNG KLH + TN'!$B:$B,'01. TH'!$B92,'TỔNG KLH + TN'!$C:$C,'01. TH'!F$4) -> 0 | G92: =COUNTIFS('TỔNG KLH + TN'!$B:$B,'01. TH'!$B92,'TỔNG KLH + TN'!$C:$C,'01. TH'!G$4) -> 0 | H92: =COUNTIFS('TỔNG KLH + TN'!$B:$B,'01. TH'!$B92,'TỔNG KLH + TN'!$C:$C,'01. TH'!H$4) -> 0 | I92: =COUNTIFS('TỔNG KLH + TN'!$B:$B,'01. TH'!$B92,'TỔNG KLH + TN'!$C:$C,'01. TH'!I$4) -> 0 | J92: =COUNTIFS('TỔNG KLH + TN'!$B:$B,'01. TH'!$B92,'TỔNG KLH + TN'!$C:$C,'01. TH'!J$4) -> 0 | K92: =COUNTIFS('TỔNG KLH + TN'!$B:$B,'01. TH'!$B92,'TỔNG KLH + TN'!$C:$C,'01. TH'!K$4) -> 0 | L92: =COUNTIFS('TỔNG KLH + TN'!$B:$B,'01. TH'!$B92,'TỔNG KLH + TN'!$C:$C,'01. TH'!L$4) -> 0 | M92: =COUNTIFS('TỔNG KLH + TN'!$B:$B,'01. TH'!$B92,'TỔNG KLH + TN'!$C:$C,'01. TH'!M$4) -> 0 | ... AD92: =COUNTIFS('TỔNG KLH + TN'!$B:$B,'01. TH'!$B92,'TỔNG KLH + TN'!$C:$C,'01. TH'!AD$4) -> 0 | AE92: =SUM(F92:AD92) -> 0 | AG92: =IF(AE92=SUM(F92:AD92),"ok","SAI") -> ok
B93: Máy cày bánh xích LOVOL TB1002C | C93: 100HP | D93: =IFERROR(VLOOKUP(B93,'Danh mục'!$G:$U,15,0),"") | E93: Xe | F93: =COUNTIFS('TỔNG KLH + TN'!$B:$B,'01. TH'!$B93,'TỔNG KLH + TN'!$C:$C,'01. TH'!F$4) -> 0 | G93: =COUNTIFS('TỔNG KLH + TN'!$B:$B,'01. TH'!$B93,'TỔNG KLH + TN'!$C:$C,'01. TH'!G$4) -> 0 | H93: =COUNTIFS('TỔNG KLH + TN'!$B:$B,'01. TH'!$B93,'TỔNG KLH + TN'!$C:$C,'01. TH'!H$4) -> 0 | I93: =COUNTIFS('TỔNG KLH + TN'!$B:$B,'01. TH'!$B93,'TỔNG KLH + TN'!$C:$C,'01. TH'!I$4) -> 0 | J93: =COUNTIFS('TỔNG KLH + TN'!$B:$B,'01. TH'!$B93,'TỔNG KLH + TN'!$C:$C,'01. TH'!J$4) -> 0 | K93: =COUNTIFS('TỔNG KLH + TN'!$B:$B,'01. TH'!$B93,'TỔNG KLH + TN'!$C:$C,'01. TH'!K$4) -> 0 | L93: =COUNTIFS('TỔNG KLH + TN'!$B:$B,'01. TH'!$B93,'TỔNG KLH + TN'!$C:$C,'01. TH'!L$4) -> 0 | M93: =COUNTIFS('TỔNG KLH + TN'!$B:$B,'01. TH'!$B93,'TỔNG KLH + TN'!$C:$C,'01. TH'!M$4) -> 0 | ... AD93: =COUNTIFS('TỔNG KLH + TN'!$B:$B,'01. TH'!$B93,'TỔNG KLH + TN'!$C:$C,'01. TH'!AD$4) -> 0 | AE93: =SUM(F93:AD93) -> 0 | AG93: =IF(AE93=SUM(F93:AD93),"ok","SAI") -> ok
B94: Máy cày bánh xích Mitsubishi | C94: 100HP | D94: =IFERROR(VLOOKUP(B94,'Danh mục'!$G:$U,15,0),"") | E94: Xe | F94: =COUNTIFS('TỔNG KLH + TN'!$B:$B,'01. TH'!$B94,'TỔNG KLH + TN'!$C:$C,'01. TH'!F$4) -> 0 | G94: =COUNTIFS('TỔNG KLH + TN'!$B:$B,'01. TH'!$B94,'TỔNG KLH + TN'!$C:$C,'01. TH'!G$4) -> 1 | H94: =COUNTIFS('TỔNG KLH + TN'!$B:$B,'01. TH'!$B94,'TỔNG KLH + TN'!$C:$C,'01. TH'!H$4) -> 0 | I94: =COUNTIFS('TỔNG KLH + TN'!$B:$B,'01. TH'!$B94,'TỔNG KLH + TN'!$C:$C,'01. TH'!I$4) -> 0 | J94: =COUNTIFS('TỔNG KLH + TN'!$B:$B,'01. TH'!$B94,'TỔNG KLH + TN'!$C:$C,'01. TH'!J$4) -> 0 | K94: =COUNTIFS('TỔNG KLH + TN'!$B:$B,'01. TH'!$B94,'TỔNG KLH + TN'!$C:$C,'01. TH'!K$4) -> 0 | L94: =COUNTIFS('TỔNG KLH + TN'!$B:$B,'01. TH'!$B94,'TỔNG KLH + TN'!$C:$C,'01. TH'!L$4) -> 0 | M94: =COUNTIFS('TỔNG KLH + TN'!$B:$B,'01. TH'!$B94,'TỔNG KLH + TN'!$C:$C,'01. TH'!M$4) -> 0 | ... AD94: =COUNTIFS('TỔNG KLH + TN'!$B:$B,'01. TH'!$B94,'TỔNG KLH + TN'!$C:$C,'01. TH'!AD$4) -> 0 | AE94: =SUM(F94:AD94) -> 1 | AG94: =IF(AE94=SUM(F94:AD94),"ok","SAI") -> ok
B95: Máy cày bánh xích MOROOKA | C95: 250HP | D95: =IFERROR(VLOOKUP(B95,'Danh mục'!$G:$U,15,0),"") -> 6800 x 3200 x 3400 | E95: Xe | F95: =COUNTIFS('TỔNG KLH + TN'!$B:$B,'01. TH'!$B95,'TỔNG KLH + TN'!$C:$C,'01. TH'!F$4) -> 0 | G95: =COUNTIFS('TỔNG KLH + TN'!$B:$B,'01. TH'!$B95,'TỔNG KLH + TN'!$C:$C,'01. TH'!G$4) -> 0 | H95: =COUNTIFS('TỔNG KLH + TN'!$B:$B,'01. TH'!$B95,'TỔNG KLH + TN'!$C:$C,'01. TH'!H$4) -> 0 | I95: =COUNTIFS('TỔNG KLH + TN'!$B:$B,'01. TH'!$B95,'TỔNG KLH + TN'!$C:$C,'01. TH'!I$4) -> 0 | J95: =COUNTIFS('TỔNG KLH + TN'!$B:$B,'01. TH'!$B95,'TỔNG KLH + TN'!$C:$C,'01. TH'!J$4) -> 0 | K95: =COUNTIFS('TỔNG KLH + TN'!$B:$B,'01. TH'!$B95,'TỔNG KLH + TN'!$C:$C,'01. TH'!K$4) -> 0 | L95: =COUNTIFS('TỔNG KLH + TN'!$B:$B,'01. TH'!$B95,'TỔNG KLH + TN'!$C:$C,'01. TH'!L$4) -> 0 | M95: =COUNTIFS('TỔNG KLH + TN'!$B:$B,'01. TH'!$B95,'TỔNG KLH + TN'!$C:$C,'01. TH'!M$4) -> 0 | ... AD95: =COUNTIFS('TỔNG KLH + TN'!$B:$B,'01. TH'!$B95,'TỔNG KLH + TN'!$C:$C,'01. TH'!AD$4) -> 0 | AE95: =SUM(F95:AD95) -> 0 | AG95: =IF(AE95=SUM(F95:AD95),"ok","SAI") -> ok
B96: Máy cày bánh xích YANMAR | C96: 95HP | D96: =IFERROR(VLOOKUP(B96,'Danh mục'!$G:$U,15,0),"") | E96: Xe | F96: =COUNTIFS('TỔNG KLH + TN'!$B:$B,'01. TH'!$B96,'TỔNG KLH + TN'!$C:$C,'01. TH'!F$4) -> 0 | G96: =COUNTIFS('TỔNG KLH + TN'!$B:$B,'01. TH'!$B96,'TỔNG KLH + TN'!$C:$C,'01. TH'!G$4) -> 0 | H96: =COUNTIFS('TỔNG KLH + TN'!$B:$B,'01. TH'!$B96,'TỔNG KLH + TN'!$C:$C,'01. TH'!H$4) -> 0 | I96: =COUNTIFS('TỔNG KLH + TN'!$B:$B,'01. TH'!$B96,'TỔNG KLH + TN'!$C:$C,'01. TH'!I$4) -> 0 | J96: =COUNTIFS('TỔNG KLH + TN'!$B:$B,'01. TH'!$B96,'TỔNG KLH + TN'!$C:$C,'01. TH'!J$4) -> 0 | K96: =COUNTIFS('TỔNG KLH + TN'!$B:$B,'01. TH'!$B96,'TỔNG KLH + TN'!$C:$C,'01. TH'!K$4) -> 0 | L96: =COUNTIFS('TỔNG KLH + TN'!$B:$B,'01. TH'!$B96,'TỔNG KLH + TN'!$C:$C,'01. TH'!L$4) -> 0 | M96: =COUNTIFS('TỔNG KLH + TN'!$B:$B,'01. TH'!$B96,'TỔNG KLH + TN'!$C:$C,'01. TH'!M$4) -> 0 | ... AD96: =COUNTIFS('TỔNG KLH + TN'!$B:$B,'01. TH'!$B96,'TỔNG KLH + TN'!$C:$C,'01. TH'!AD$4) -> 0 | AE96: =SUM(F96:AD96) -> 0 | AG96: =IF(AE96=SUM(F96:AD96),"ok","SAI") -> ok
B97: Máy cày bánh xích CT55 | C97: 55HP | E97: Xe | F97: =COUNTIFS('TỔNG KLH + TN'!$B:$B,'01. TH'!$B97,'TỔNG KLH + TN'!$C:$C,'01. TH'!F$4) -> 0 | G97: =COUNTIFS('TỔNG KLH + TN'!$B:$B,'01. TH'!$B97,'TỔNG KLH + TN'!$C:$C,'01. TH'!G$4) -> 0 | H97: =COUNTIFS('TỔNG KLH + TN'!$B:$B,'01. TH'!$B97,'TỔNG KLH + TN'!$C:$C,'01. TH'!H$4) -> 0 | I97: =COUNTIFS('TỔNG KLH + TN'!$B:$B,'01. TH'!$B97,'TỔNG KLH + TN'!$C:$C,'01. TH'!I$4) -> 0 | J97: =COUNTIFS('TỔNG KLH + TN'!$B:$B,'01. TH'!$B97,'TỔNG KLH + TN'!$C:$C,'01. TH'!J$4) -> 0 | K97: =COUNTIFS('TỔNG KLH + TN'!$B:$B,'01. TH'!$B97,'TỔNG KLH + TN'!$C:$C,'01. TH'!K$4) -> 0 | L97: =COUNTIFS('TỔNG KLH + TN'!$B:$B,'01. TH'!$B97,'TỔNG KLH + TN'!$C:$C,'01. TH'!L$4) -> 0 | M97: =COUNTIFS('TỔNG KLH + TN'!$B:$B,'01. TH'!$B97,'TỔNG KLH + TN'!$C:$C,'01. TH'!M$4) -> 0 | ... AD97: =COUNTIFS('TỔNG KLH + TN'!$B:$B,'01. TH'!$B97,'TỔNG KLH + TN'!$C:$C,'01. TH'!AD$4) -> 0 | AE97: =SUM(F97:AD97) -> 0
B98: Máy cày bánh xích CT65 | C98: 65HP | E98: Xe | F98: =COUNTIFS('TỔNG KLH + TN'!$B:$B,'01. TH'!$B98,'TỔNG KLH + TN'!$C:$C,'01. TH'!F$4) -> 0 | G98: =COUNTIFS('TỔNG KLH + TN'!$B:$B,'01. TH'!$B98,'TỔNG KLH + TN'!$C:$C,'01. TH'!G$4) -> 1 | H98: =COUNTIFS('TỔNG KLH + TN'!$B:$B,'01. TH'!$B98,'TỔNG KLH + TN'!$C:$C,'01. TH'!H$4) -> 0 | I98: =COUNTIFS('TỔNG KLH + TN'!$B:$B,'01. TH'!$B98,'TỔNG KLH + TN'!$C:$C,'01. TH'!I$4) -> 0 | J98: =COUNTIFS('TỔNG KLH + TN'!$B:$B,'01. TH'!$B98,'TỔNG KLH + TN'!$C:$C,'01. TH'!J$4) -> 0 | K98: =COUNTIFS('TỔNG KLH + TN'!$B:$B,'01. TH'!$B98,'TỔNG KLH + TN'!$C:$C,'01. TH'!K$4) -> 0 | L98: =COUNTIFS('TỔNG KLH + TN'!$B:$B,'01. TH'!$B98,'TỔNG KLH + TN'!$C:$C,'01. TH'!L$4) -> 0 | M98: =COUNTIFS('TỔNG KLH + TN'!$B:$B,'01. TH'!$B98,'TỔNG KLH + TN'!$C:$C,'01. TH'!M$4) -> 0 | ... AD98: =COUNTIFS('TỔNG KLH + TN'!$B:$B,'01. TH'!$B98,'TỔNG KLH + TN'!$C:$C,'01. TH'!AD$4) -> 0 | AE98: =SUM(F98:AD98) -> 1
B99: Máy cày bánh xích CT652 | C99: 65HP | E99: Xe | F99: =COUNTIFS('TỔNG KLH + TN'!$B:$B,'01. TH'!$B99,'TỔNG KLH + TN'!$C:$C,'01. TH'!F$4) -> 0 | G99: =COUNTIFS('TỔNG KLH + TN'!$B:$B,'01. TH'!$B99,'TỔNG KLH + TN'!$C:$C,'01. TH'!G$4) -> 0 | H99: =COUNTIFS('TỔNG KLH + TN'!$B:$B,'01. TH'!$B99,'TỔNG KLH + TN'!$C:$C,'01. TH'!H$4) -> 0 | I99: =COUNTIFS('TỔNG KLH + TN'!$B:$B,'01. TH'!$B99,'TỔNG KLH + TN'!$C:$C,'01. TH'!I$4) -> 0 | J99: =COUNTIFS('TỔNG KLH + TN'!$B:$B,'01. TH'!$B99,'TỔNG KLH + TN'!$C:$C,'01. TH'!J$4) -> 0 | K99: =COUNTIFS('TỔNG KLH + TN'!$B:$B,'01. TH'!$B99,'TỔNG KLH + TN'!$C:$C,'01. TH'!K$4) -> 0 | L99: =COUNTIFS('TỔNG KLH + TN'!$B:$B,'01. TH'!$B99,'TỔNG KLH + TN'!$C:$C,'01. TH'!L$4) -> 0 | M99: =COUNTIFS('TỔNG KLH + TN'!$B:$B,'01. TH'!$B99,'TỔNG KLH + TN'!$C:$C,'01. TH'!M$4) -> 0 | ... AD99: =COUNTIFS('TỔNG KLH + TN'!$B:$B,'01. TH'!$B99,'TỔNG KLH + TN'!$C:$C,'01. TH'!AD$4) -> 0 | AE99: =SUM(F99:AD99) -> 0
B100: Máy cày JD 2850 | C100: 90HP | D100: =IFERROR(VLOOKUP(B100,'Danh mục'!$G:$U,15,0),"") -> 4200 x 2600 x 2900 | E100: Xe | F100: =COUNTIFS('TỔNG KLH + TN'!$B:$B,'01. TH'!$B100,'TỔNG KLH + TN'!$C:$C,'01. TH'!F$4) -> 0 | G100: =COUNTIFS('TỔNG KLH + TN'!$B:$B,'01. TH'!$B100,'TỔNG KLH + TN'!$C:$C,'01. TH'!G$4) -> 1 | H100: =COUNTIFS('TỔNG KLH + TN'!$B:$B,'01. TH'!$B100,'TỔNG KLH + TN'!$C:$C,'01. TH'!H$4) -> 0 | I100: =COUNTIFS('TỔNG KLH + TN'!$B:$B,'01. TH'!$B100,'TỔNG KLH + TN'!$C:$C,'01. TH'!I$4) -> 0 | J100: =COUNTIFS('TỔNG KLH + TN'!$B:$B,'01. TH'!$B100,'TỔNG KLH + TN'!$C:$C,'01. TH'!J$4) -> 0 | K100: =COUNTIFS('TỔNG KLH + TN'!$B:$B,'01. TH'!$B100,'TỔNG KLH + TN'!$C:$C,'01. TH'!K$4) -> 0 | L100: =COUNTIFS('TỔNG KLH + TN'!$B:$B,'01. TH'!$B100,'TỔNG KLH + TN'!$C:$C,'01. TH'!L$4) -> 0 | M100: =COUNTIFS('TỔNG KLH + TN'!$B:$B,'01. TH'!$B100,'TỔNG KLH + TN'!$C:$C,'01. TH'!M$4) -> 0 | ... AD100: =COUNTIFS('TỔNG KLH + TN'!$B:$B,'01. TH'!$B100,'TỔNG KLH + TN'!$C:$C,'01. TH'!AD$4) -> 0 | AE100: =SUM(F100:AD100) -> 1 | AG100: =IF(AE100=SUM(F100:AD100),"ok","SAI") -> ok
B101: Máy cày JD 3350 | C101: 90HP | D101: =IFERROR(VLOOKUP(B101,'Danh mục'!$G:$U,15,0),"") -> 4780 x 2030 x 2840 | E101: Xe | F101: =COUNTIFS('TỔNG KLH + TN'!$B:$B,'01. TH'!$B101,'TỔNG KLH + TN'!$C:$C,'01. TH'!F$4) -> 0 | G101: =COUNTIFS('TỔNG KLH + TN'!$B:$B,'01. TH'!$B101,'TỔNG KLH + TN'!$C:$C,'01. TH'!G$4) -> 2 | H101: =COUNTIFS('TỔNG KLH + TN'!$B:$B,'01. TH'!$B101,'TỔNG KLH + TN'!$C:$C,'01. TH'!H$4) -> 0 | I101: =COUNTIFS('TỔNG KLH + TN'!$B:$B,'01. TH'!$B101,'TỔNG KLH + TN'!$C:$C,'01. TH'!I$4) -> 0 | J101: =COUNTIFS('TỔNG KLH + TN'!$B:$B,'01. TH'!$B101,'TỔNG KLH + TN'!$C:$C,'01. TH'!J$4) -> 0 | K101: =COUNTIFS('TỔNG KLH + TN'!$B:$B,'01. TH'!$B101,'TỔNG KLH + TN'!$C:$C,'01. TH'!K$4) -> 0 | L101: =COUNTIFS('TỔNG KLH + TN'!$B:$B,'01. TH'!$B101,'TỔNG KLH + TN'!$C:$C,'01. TH'!L$4) -> 0 | M101: =COUNTIFS('TỔNG KLH + TN'!$B:$B,'01. TH'!$B101,'TỔNG KLH + TN'!$C:$C,'01. TH'!M$4) -> 0 | ... AD101: =COUNTIFS('TỔNG KLH + TN'!$B:$B,'01. TH'!$B101,'TỔNG KLH + TN'!$C:$C,'01. TH'!AD$4) -> 0 | AE101: =SUM(F101:AD101) -> 3 | AG101: =IF(AE101=SUM(F101:AD101),"ok","SAI") -> ok
B102: Máy cày JD 3640 | C102: 90HP | D102: =IFERROR(VLOOKUP(B102,'Danh mục'!$G:$U,15,0),"") -> 4800 x 2150 x 2970 | E102: Xe | F102: =COUNTIFS('TỔNG KLH + TN'!$B:$B,'01. TH'!$B102,'TỔNG KLH + TN'!$C:$C,'01. TH'!F$4) -> 0 | G102: =COUNTIFS('TỔNG KLH + TN'!$B:$B,'01. TH'!$B102,'TỔNG KLH + TN'!$C:$C,'01. TH'!G$4) -> 0 | H102: =COUNTIFS('TỔNG KLH + TN'!$B:$B,'01. TH'!$B102,'TỔNG KLH + TN'!$C:$C,'01. TH'!H$4) -> 0 | I102: =COUNTIFS('TỔNG KLH + TN'!$B:$B,'01. TH'!$B102,'TỔNG KLH + TN'!$C:$C,'01. TH'!I$4) -> 0 | J102: =COUNTIFS('TỔNG KLH + TN'!$B:$B,'01. TH'!$B102,'TỔNG KLH + TN'!$C:$C,'01. TH'!J$4) -> 0 | K102: =COUNTIFS('TỔNG KLH + TN'!$B:$B,'01. TH'!$B102,'TỔNG KLH + TN'!$C:$C,'01. TH'!K$4) -> 0 | L102: =COUNTIFS('TỔNG KLH + TN'!$B:$B,'01. TH'!$B102,'TỔNG KLH + TN'!$C:$C,'01. TH'!L$4) -> 0 | M102: =COUNTIFS('TỔNG KLH + TN'!$B:$B,'01. TH'!$B102,'TỔNG KLH + TN'!$C:$C,'01. TH'!M$4) -> 0 | ... AD102: =COUNTIFS('TỔNG KLH + TN'!$B:$B,'01. TH'!$B102,'TỔNG KLH + TN'!$C:$C,'01. TH'!AD$4) -> 0 | AE102: =SUM(F102:AD102) -> 1 | AG102: =IF(AE102=SUM(F102:AD102),"ok","SAI") -> ok
...

Sheet 02. MM-KLH
A1: F | N1: THÔNG TIN MÁY MÓC THIẾT BỊ
A2: TT | B2: Mã MMTB mới | C2: Mã MMTB cũ | D2: Mã Bravo | E2: Biển số xe | F2: Tình trạng mua | G2: Tên MMTB | H2: LOẠI MMTB | I2: Đơn vị sử dụng | J2: Ngày phân bổ | K2: ="Tình trạng "&CHAR(10)&"Hỏng: "&COUNTIF(K3:K1368,"Hư hỏng")&"/"&C3 -> Tình trạng Hỏng: 5/577 | L2: Giá trị còn lại | M2: Lịch sử điều chuyển | N2: NHÃN HIỆU | O2: XUẤT XỨ | P2: NĂM SX | Q2: MODEL | R2: CÔNG SUẤT | S2: Số khung | T2: Số máy | U2: Định mức nhiên liệu (l/h) hoặc (l/km) | V2: Dung tích thùng nhiên liệu (lít) | W2: NHÀ CUNG CẤP | X2: Ghi chú | Y2: Hình ảnh MMTB
C3: =SUM(C4,C117,C160,C348,C498,C521,C535,C545,C553,C559,C582,C609,C622,C634,C665,C640,C649,C659) -> 577 | Y3: Cập nhật ttrong link:
A4: I. ĐẦU TƯ XÂY DỰNG | C4: =$C$5+$C$54+$C$83 -> 103 | Y4: Thư mục Hình ảnh
A5: I.1 | B5: Cơ giới thi công DP | C5: =COUNTA($B$6:$B$53) -> 46
A6: 1 | B6: CHT-MĐA-001 | C6: ĐQSD | D6: =IFERROR(VLOOKUP(B6,' 02.1 KLH-CN MÃ BRAVO MM'!$B:$C,2,0),"") -> ATT-A23-0025 | F6: ĐQSD | G6: Máy đào KOBELCO bánh xích gàu 1.2m3 | H6: =VLOOKUP(G6,'01. TH'!$B:$E,3,0) -> 9560 x 2800 x 3160 | I6: CGTC DP | J6: 43835 | K6: =IF(COUNTIF('TT BTSC'!$D:$D,B6)>0,"Hư hỏng","Bình thường") -> Bình thường | L6: 0.67 | N6: KOBELCO | O6: NHẬT BẢN | P6: 2019 | Q6: SK200-08 | R6: 170HP | S6: LQ16-10073 | T6: R0033333 | U6: 17 | V6: 340
A7: =A6+1 -> 2 | B7: CHT-MĐA-002 | D7: =IFERROR(VLOOKUP(B7,' 02.1 KLH-CN MÃ BRAVO MM'!$B:$C,2,0),"") -> ATT-A23-0011 | F7: ĐQSD | G7: Máy đào SH210 bánh xích gàu 0.9m3 | H7: =VLOOKUP(G7,'01. TH'!$B:$E,3,0) -> 9460 x 2800 x 3200 | I7: CGTC DP | J7: 43801 | K7: =IF(COUNTIF('TT BTSC'!$D:$D,B7)>0,"Hư hỏng","Bình thường") -> Bình thường | L7: 0.4 | N7: SUMITOMO | O7: NHẬT BẢN | P7: 1993 | Q7: SH210 | R7: 156HP | S7: STN210T6P00BH2390 | T7: CCN | U7: 13 | V7: 410
A8: =A7+1 -> 3 | B8: CHT-MĐA-003 | D8: =IFERROR(VLOOKUP(B8,' 02.1 KLH-CN MÃ BRAVO MM'!$B:$C,2,0),"") -> ATT-A23-0034 | F8: ĐQSD | G8: Máy đào DX140W bánh lốp gàu 0.7m3 | H8: =VLOOKUP(G8,'01. TH'!$B:$E,3,0) -> 7235 x 2496 x 3351 | I8: CGTC DP | J8: 44110 | K8: =IF(COUNTIF('TT BTSC'!$D:$D,B8)>0,"Hư hỏng","Bình thường") -> Bình thường | L8: 0.68 | N8: DOOSAN | O8: HÀN QUỐC | P8: 2019 | Q8: DX140W | R8: 133HP | S8: DHKCEWAAVK5008713 | T8: CCN | U8: 10 | V8: 280
A9: =A8+1 -> 4 | B9: CHT-MĐA-004 | D9: =IFERROR(VLOOKUP(B9,' 02.1 KLH-CN MÃ BRAVO MM'!$B:$C,2,0),"") -> ATT-A23-0012 | F9: ĐQSD | G9: Máy đào DX140W bánh lốp gàu 0.7m3 | H9: =VLOOKUP(G9,'01. TH'!$B:$E,3,0) -> 7235 x 2496 x 3351 | I9: CGTC DP | J9: 43801 | K9: =IF(COUNTIF('TT BTSC'!$D:$D,B9)>0,"Hư hỏng","Bình thường") -> Bình thường | L9: 0.4 | N9: DOOSAN | O9: HÀN QUỐC | P9: 2018 | Q9: DX140W | R9: 133HP | S9: DHKCEWAAEK5008652 | T9: CCN | U9: 10 | V9: 280
A10: =A9+1 -> 5 | B10: CHT-MĐA-044 | D10: =IFERROR(VLOOKUP(B10,' 02.1 KLH-CN MÃ BRAVO MM'!$B:$C,2,0),"") -> ATM-A22-0087 | F10: ĐQSD | G10: Máy đào SH210 bánh xích gàu 0.9m3 | H10: =VLOOKUP(G10,'01. TH'!$B:$E,3,0) -> 9460 x 2800 x 3200 | I10: CGTC DP | J10: 44200 | K10: =IF(COUNTIF('TT BTSC'!$D:$D,B10)>0,"Hư hỏng","Bình thường") -> Bình thường | L10: 0.7 | N10: SUMITOMO | O10: NHẬT BẢN | P10: 2020 | Q10: SH210-6 | R10: 160HP | S10: STN210T6P00BH2695 | T10: 801502 | U10: 13 | V10: 410
A11: =A10+1 -> 6 | B11: CHT-MĐA-045 | D11: =IFERROR(VLOOKUP(B11,' 02.1 KLH-CN MÃ BRAVO MM'!$B:$C,2,0),"") -> ATM-A22-0088 | F11: ĐQSD | G11: Máy đào SH130 bánh xích gàu 0.5m3 | H11: =VLOOKUP(G11,'01. TH'!$B:$E,3,0) -> 7640 x 2590 x 2820 | I11: CGTC DP | J11: 44200 | K11: =IF(COUNTIF('TT BTSC'!$D:$D,B11)>0,"Hư hỏng","Bình thường") -> Bình thường | L11: 0.7 | N11: SUMITOMO | O11: NHẬT BẢN | P11: 2021 | Q11: SH130-6 | R11: 96HP | S11: STN130T6A00BH1835 | T11: 6041164JJ1 | U11: 12 | V11: 260
A12: =A11+1 -> 7 | B12: CHT-MUI-001 | D12: =IFERROR(VLOOKUP(B12,' 02.1 KLH-CN MÃ BRAVO MM'!$B:$C,2,0),"") -> ATT-A23-0027 | F12: ĐQSD | G12: Máy ủi KOMATSU D31PX | H12: =VLOOKUP(G12,'01. TH'!$B:$E,3,0) -> 4200 x 2980 x 2720 | I12: CGTC DP | J12: 43952 | K12: =IF(COUNTIF('TT BTSC'!$D:$D,B12)>0,"Hư hỏng","Bình thường") -> Bình thường | N12: KOMATSU | O12: NHẬT BẢN | P12: 1997 | Q12: D31PX | R12: 80HP | S12: KMT0D007V0151352 | T12: CCN | U12: 8 | V12: 165
A13: =A12+1 -> 8 | B13: CHT-MUI-002 | D13: =IFERROR(VLOOKUP(B13,' 02.1 KLH-CN MÃ BRAVO MM'!$B:$C,2,0),"") -> ATT-A23-0031 | F13: ĐQSD | G13: Máy ủi KOMATSU D60P-12E | H13: =VLOOKUP(G13,'01. TH'!$B:$E,3,0) -> 5585 x 3000 x 3055 | I13: CGTC DP | J13: 43837 | K13: =IF(COUNTIF('TT BTSC'!$D:$D,B13)>0,"Hư hỏng","Bình thường") -> Bình thường | N13: KOMATSU | O13: NHẬT BẢN | P13: 2002 | Q13: D60P-12E | R13: 190HP | S13: D60P1260763 | T13: CCN | U13: 14 | V13: 320
A14: =A13+1 -> 9 | B14: CHT-MUI-010 | D14: =IFERROR(VLOOKUP(B14,' 02.1 KLH-CN MÃ BRAVO MM'!$B:$C,2,0),"") -> ATM-A22-0089 | F14: ĐQSD | G14: Máy ủi KOMATSU D65P-12 | H14: =VLOOKUP(G14,'01. TH'!$B:$E,3,0) -> 5550 x 3970 x 3090 | I14: CGTC DP | J14: 44287 | K14: =IF(COUNTIF('TT BTSC'!$D:$D,B14)>0,"Hư hỏng","Bình thường") -> Bình thường | L14: 0.7 | N14: KOMATSU | O14: NHẬT BẢN | P14: 1992 | Q14: D65P-12 | R14: 190HP | S14: D65P1260304 | T14: 6D12554976 | U14: 14 | V14: 406
A15: =A14+1 -> 10 | B15: CHT-MUI-013 | C15: MỚI (ĐQSD) | D15: A23-MUI-013 | F15: MỚI (ĐQSD) | G15: Máy ủi KOMATSU D60P-12E | H15: =VLOOKUP(G15,'01. TH'!$B:$E,3,0) -> 5585 x 3000 x 3055 | I15: CGTC DP | J15: 28/05/2025 | K15: =IF(COUNTIF('TT BTSC'!$D:$D,B15)>0,"Hư hỏng","Bình thường") -> Bình thường | M15: Đầu tư mới ĐQSD (Tài sản DP) - Bàn giao về CGTC ADM theo TTr số 04-T05/2025/B.XDCB | N15: KOMATSU | O15: NHẬT BẢN | P15: 1994 | Q15: D60P-12E | R15: 190HP | S15: D60P1260928 | T15: 6D12562174 | U15: 14 | V15: 320
